3IPS_AB,3IPU_AB,1,2,0.994
3IPS_AB,5AVI_AC,1,3,0.994
3IPS_AB,5HJS_AB,1,4,0.996
3IPS_AB,5JJM_AB,1,5,0.902
3IPS_AB,5JJM_AC,1,6,0.892
3IPS_AB,5JJM_AD,1,7,0.902
3IPS_AB,5JJM_BC,1,8,0.886
3IPS_AB,5JJM_BD,1,9,0.892
3IPS_AB,5JJM_CD,1,10,0.902
3IPS_AB,5X8Q_CE,1,11,0.902
3IPS_AB,5X8Q_CG,1,12,0.902
3IPS_AB,5X8Q_EG,1,13,0.902
3IPS_AB,6A22_AC,1,14,0.902
3IPS_AB,6A22_AE,1,15,0.902
3IPS_AB,6A22_AG,1,16,0.902
3IPS_AB,6A22_CE,1,17,0.902
3IPS_AB,6A22_CG,1,18,0.902
3IPS_AB,6A22_EG,1,19,0.902
3IPS_AB,6IVX_AC,1,20,0.902
3IPS_AB,6IVX_AE,1,21,0.902
3IPS_AB,6IVX_CE,1,22,0.902
3IPS_AB,6S4N_AB,1,23,0.898
3IPS_AB,6S4N_AC,1,24,0.884
3IPS_AB,6S4N_BC,1,25,0.978
3IPS_AB,6S4N_DA,1,26,0.976
3IPS_AB,6S4N_DB,1,27,0.902
3IPS_AB,6S4N_DC,1,28,0.898
3IPS_AB,7E2O_AB,1,29,0.956
3IPS_AB,8X7E_EG,1,30,0.902
3IPU_AB,3IPS_AB,2,1,0.994
3IPU_AB,5AVI_AC,2,3,1.0
3IPU_AB,5HJS_AB,2,4,0.998
3IPU_AB,5JJM_AB,2,5,0.9
3IPU_AB,5JJM_AC,2,6,0.89
3IPU_AB,5JJM_AD,2,7,0.9
3IPU_AB,5JJM_BC,2,8,0.884
3IPU_AB,5JJM_BD,2,9,0.89
3IPU_AB,5JJM_CD,2,10,0.9
3IPU_AB,5X8Q_CE,2,11,0.9
3IPU_AB,5X8Q_CG,2,12,0.9
3IPU_AB,5X8Q_EG,2,13,0.9
3IPU_AB,6A22_AC,2,14,0.9
3IPU_AB,6A22_AE,2,15,0.9
3IPU_AB,6A22_AG,2,16,0.9
3IPU_AB,6A22_CE,2,17,0.9
3IPU_AB,6A22_CG,2,18,0.9
3IPU_AB,6A22_EG,2,19,0.9
3IPU_AB,6IVX_AC,2,20,0.9
3IPU_AB,6IVX_AE,2,21,0.9
3IPU_AB,6IVX_CE,2,22,0.9
3IPU_AB,6S4N_AB,2,23,0.896
3IPU_AB,6S4N_AC,2,24,0.882
3IPU_AB,6S4N_BC,2,25,0.972
3IPU_AB,6S4N_DA,2,26,0.978
3IPU_AB,6S4N_DB,2,27,0.9
3IPU_AB,6S4N_DC,2,28,0.896
3IPU_AB,7E2O_AB,2,29,0.95
3IPU_AB,8X7E_EG,2,30,0.9
5AVI_AC,3IPS_AB,3,1,0.994
5AVI_AC,3IPU_AB,3,2,1.0
5AVI_AC,5HJS_AB,3,4,0.998
5AVI_AC,5JJM_AB,3,5,0.9
5AVI_AC,5JJM_AC,3,6,0.89
5AVI_AC,5JJM_AD,3,7,0.9
5AVI_AC,5JJM_BC,3,8,0.884
5AVI_AC,5JJM_BD,3,9,0.89
5AVI_AC,5JJM_CD,3,10,0.9
5AVI_AC,5X8Q_CE,3,11,0.9
5AVI_AC,5X8Q_CG,3,12,0.9
5AVI_AC,5X8Q_EG,3,13,0.9
5AVI_AC,6A22_AC,3,14,0.9
5AVI_AC,6A22_AE,3,15,0.9
5AVI_AC,6A22_AG,3,16,0.9
5AVI_AC,6A22_CE,3,17,0.9
5AVI_AC,6A22_CG,3,18,0.9
5AVI_AC,6A22_EG,3,19,0.9
5AVI_AC,6IVX_AC,3,20,0.9
5AVI_AC,6IVX_AE,3,21,0.9
5AVI_AC,6IVX_CE,3,22,0.9
5AVI_AC,6S4N_AB,3,23,0.896
5AVI_AC,6S4N_AC,3,24,0.882
5AVI_AC,6S4N_BC,3,25,0.972
5AVI_AC,6S4N_DA,3,26,0.978
5AVI_AC,6S4N_DB,3,27,0.9
5AVI_AC,6S4N_DC,3,28,0.896
5AVI_AC,7E2O_AB,3,29,0.95
5AVI_AC,8X7E_EG,3,30,0.9
5HJS_AB,3IPS_AB,4,1,0.996
5HJS_AB,3IPU_AB,4,2,0.998
5HJS_AB,5AVI_AC,4,3,0.998
5HJS_AB,5JJM_AB,4,5,0.898
5HJS_AB,5JJM_AC,4,6,0.888
5HJS_AB,5JJM_AD,4,7,0.898
5HJS_AB,5JJM_BC,4,8,0.882
5HJS_AB,5JJM_BD,4,9,0.888
5HJS_AB,5JJM_CD,4,10,0.898
5HJS_AB,5X8Q_CE,4,11,0.898
5HJS_AB,5X8Q_CG,4,12,0.898
5HJS_AB,5X8Q_EG,4,13,0.898
5HJS_AB,6A22_AC,4,14,0.898
5HJS_AB,6A22_AE,4,15,0.898
5HJS_AB,6A22_AG,4,16,0.898
5HJS_AB,6A22_CE,4,17,0.898
5HJS_AB,6A22_CG,4,18,0.898
5HJS_AB,6A22_EG,4,19,0.898
5HJS_AB,6IVX_AC,4,20,0.898
5HJS_AB,6IVX_AE,4,21,0.898
5HJS_AB,6IVX_CE,4,22,0.898
5HJS_AB,6S4N_AB,4,23,0.894
5HJS_AB,6S4N_AC,4,24,0.88
5HJS_AB,6S4N_BC,4,25,0.974
5HJS_AB,6S4N_DA,4,26,0.98
5HJS_AB,6S4N_DB,4,27,0.898
5HJS_AB,6S4N_DC,4,28,0.894
5HJS_AB,7E2O_AB,4,29,0.952
5HJS_AB,8X7E_EG,4,30,0.898
5JJM_AB,3IPS_AB,5,1,0.902
5JJM_AB,3IPU_AB,5,2,0.9
5JJM_AB,5AVI_AC,5,3,0.9
5JJM_AB,5HJS_AB,5,4,0.898
5JJM_AB,5JJM_AC,5,6,0.99
5JJM_AB,5JJM_AD,5,7,1.0
5JJM_AB,5JJM_BC,5,8,0.984
5JJM_AB,5JJM_BD,5,9,0.99
5JJM_AB,5JJM_CD,5,10,1.0
5JJM_AB,5X8Q_CE,5,11,1.0
5JJM_AB,5X8Q_CG,5,12,1.0
5JJM_AB,5X8Q_EG,5,13,1.0
5JJM_AB,6A22_AC,5,14,1.0
5JJM_AB,6A22_AE,5,15,1.0
5JJM_AB,6A22_AG,5,16,1.0
5JJM_AB,6A22_CE,5,17,1.0
5JJM_AB,6A22_CG,5,18,1.0
5JJM_AB,6A22_EG,5,19,1.0
5JJM_AB,6IVX_AC,5,20,1.0
5JJM_AB,6IVX_AE,5,21,1.0
5JJM_AB,6IVX_CE,5,22,1.0
5JJM_AB,6S4N_AB,5,23,0.996
5JJM_AB,6S4N_AC,5,24,0.982
5JJM_AB,6S4N_BC,5,25,0.9
5JJM_AB,6S4N_DA,5,26,0.878
5JJM_AB,6S4N_DB,5,27,1.0
5JJM_AB,6S4N_DC,5,28,0.996
5JJM_AB,7E2O_AB,5,29,0.914
5JJM_AB,8X7E_EG,5,30,1.0
5JJM_AC,3IPS_AB,6,1,0.892
5JJM_AC,3IPU_AB,6,2,0.89
5JJM_AC,5AVI_AC,6,3,0.89
5JJM_AC,5HJS_AB,6,4,0.888
5JJM_AC,5JJM_AB,6,5,0.99
5JJM_AC,5JJM_AD,6,7,0.99
5JJM_AC,5JJM_BC,6,8,0.974
5JJM_AC,5JJM_BD,6,9,1.0
5JJM_AC,5JJM_CD,6,10,0.99
5JJM_AC,5X8Q_CE,6,11,0.99
5JJM_AC,5X8Q_CG,6,12,0.99
5JJM_AC,5X8Q_EG,6,13,0.99
5JJM_AC,6A22_AC,6,14,0.99
5JJM_AC,6A22_AE,6,15,0.99
5JJM_AC,6A22_AG,6,16,0.99
5JJM_AC,6A22_CE,6,17,0.99
5JJM_AC,6A22_CG,6,18,0.99
5JJM_AC,6A22_EG,6,19,0.99
5JJM_AC,6IVX_AC,6,20,0.99
5JJM_AC,6IVX_AE,6,21,0.99
5JJM_AC,6IVX_CE,6,22,0.99
5JJM_AC,6S4N_AB,6,23,0.986
5JJM_AC,6S4N_AC,6,24,0.972
5JJM_AC,6S4N_BC,6,25,0.89
5JJM_AC,6S4N_DA,6,26,0.868
5JJM_AC,6S4N_DB,6,27,0.99
5JJM_AC,6S4N_DC,6,28,0.986
5JJM_AC,7E2O_AB,6,29,0.904
5JJM_AC,8X7E_EG,6,30,0.99
5JJM_AD,3IPS_AB,7,1,0.902
5JJM_AD,3IPU_AB,7,2,0.9
5JJM_AD,5AVI_AC,7,3,0.9
5JJM_AD,5HJS_AB,7,4,0.898
5JJM_AD,5JJM_AB,7,5,1.0
5JJM_AD,5JJM_AC,7,6,0.99
5JJM_AD,5JJM_BC,7,8,0.984
5JJM_AD,5JJM_BD,7,9,0.99
5JJM_AD,5JJM_CD,7,10,1.0
5JJM_AD,5X8Q_CE,7,11,1.0
5JJM_AD,5X8Q_CG,7,12,1.0
5JJM_AD,5X8Q_EG,7,13,1.0
5JJM_AD,6A22_AC,7,14,1.0
5JJM_AD,6A22_AE,7,15,1.0
5JJM_AD,6A22_AG,7,16,1.0
5JJM_AD,6A22_CE,7,17,1.0
5JJM_AD,6A22_CG,7,18,1.0
5JJM_AD,6A22_EG,7,19,1.0
5JJM_AD,6IVX_AC,7,20,1.0
5JJM_AD,6IVX_AE,7,21,1.0
5JJM_AD,6IVX_CE,7,22,1.0
5JJM_AD,6S4N_AB,7,23,0.996
5JJM_AD,6S4N_AC,7,24,0.982
5JJM_AD,6S4N_BC,7,25,0.9
5JJM_AD,6S4N_DA,7,26,0.878
5JJM_AD,6S4N_DB,7,27,1.0
5JJM_AD,6S4N_DC,7,28,0.996
5JJM_AD,7E2O_AB,7,29,0.914
5JJM_AD,8X7E_EG,7,30,1.0
5JJM_BC,3IPS_AB,8,1,0.886
5JJM_BC,3IPU_AB,8,2,0.884
5JJM_BC,5AVI_AC,8,3,0.884
5JJM_BC,5HJS_AB,8,4,0.882
5JJM_BC,5JJM_AB,8,5,0.984
5JJM_BC,5JJM_AC,8,6,0.974
5JJM_BC,5JJM_AD,8,7,0.984
5JJM_BC,5JJM_BD,8,9,0.974
5JJM_BC,5JJM_CD,8,10,0.984
5JJM_BC,5X8Q_CE,8,11,0.984
5JJM_BC,5X8Q_CG,8,12,0.984
5JJM_BC,5X8Q_EG,8,13,0.984
5JJM_BC,6A22_AC,8,14,0.984
5JJM_BC,6A22_AE,8,15,0.984
5JJM_BC,6A22_AG,8,16,0.984
5JJM_BC,6A22_CE,8,17,0.984
5JJM_BC,6A22_CG,8,18,0.984
5JJM_BC,6A22_EG,8,19,0.984
5JJM_BC,6IVX_AC,8,20,0.984
5JJM_BC,6IVX_AE,8,21,0.984
5JJM_BC,6IVX_CE,8,22,0.984
5JJM_BC,6S4N_AB,8,23,0.98
5JJM_BC,6S4N_AC,8,24,0.966
5JJM_BC,6S4N_BC,8,25,0.884
5JJM_BC,6S4N_DA,8,26,0.862
5JJM_BC,6S4N_DB,8,27,0.984
5JJM_BC,6S4N_DC,8,28,0.98
5JJM_BC,7E2O_AB,8,29,0.898
5JJM_BC,8X7E_EG,8,30,0.984
5JJM_BD,3IPS_AB,9,1,0.892
5JJM_BD,3IPU_AB,9,2,0.89
5JJM_BD,5AVI_AC,9,3,0.89
5JJM_BD,5HJS_AB,9,4,0.888
5JJM_BD,5JJM_AB,9,5,0.99
5JJM_BD,5JJM_AC,9,6,1.0
5JJM_BD,5JJM_AD,9,7,0.99
5JJM_BD,5JJM_BC,9,8,0.974
5JJM_BD,5JJM_CD,9,10,0.99
5JJM_BD,5X8Q_CE,9,11,0.99
5JJM_BD,5X8Q_CG,9,12,0.99
5JJM_BD,5X8Q_EG,9,13,0.99
5JJM_BD,6A22_AC,9,14,0.99
5JJM_BD,6A22_AE,9,15,0.99
5JJM_BD,6A22_AG,9,16,0.99
5JJM_BD,6A22_CE,9,17,0.99
5JJM_BD,6A22_CG,9,18,0.99
5JJM_BD,6A22_EG,9,19,0.99
5JJM_BD,6IVX_AC,9,20,0.99
5JJM_BD,6IVX_AE,9,21,0.99
5JJM_BD,6IVX_CE,9,22,0.99
5JJM_BD,6S4N_AB,9,23,0.986
5JJM_BD,6S4N_AC,9,24,0.972
5JJM_BD,6S4N_BC,9,25,0.89
5JJM_BD,6S4N_DA,9,26,0.868
5JJM_BD,6S4N_DB,9,27,0.99
5JJM_BD,6S4N_DC,9,28,0.986
5JJM_BD,7E2O_AB,9,29,0.904
5JJM_BD,8X7E_EG,9,30,0.99
5JJM_CD,3IPS_AB,10,1,0.902
5JJM_CD,3IPU_AB,10,2,0.9
5JJM_CD,5AVI_AC,10,3,0.9
5JJM_CD,5HJS_AB,10,4,0.898
5JJM_CD,5JJM_AB,10,5,1.0
5JJM_CD,5JJM_AC,10,6,0.99
5JJM_CD,5JJM_AD,10,7,1.0
5JJM_CD,5JJM_BC,10,8,0.984
5JJM_CD,5JJM_BD,10,9,0.99
5JJM_CD,5X8Q_CE,10,11,1.0
5JJM_CD,5X8Q_CG,10,12,1.0
5JJM_CD,5X8Q_EG,10,13,1.0
5JJM_CD,6A22_AC,10,14,1.0
5JJM_CD,6A22_AE,10,15,1.0
5JJM_CD,6A22_AG,10,16,1.0
5JJM_CD,6A22_CE,10,17,1.0
5JJM_CD,6A22_CG,10,18,1.0
5JJM_CD,6A22_EG,10,19,1.0
5JJM_CD,6IVX_AC,10,20,1.0
5JJM_CD,6IVX_AE,10,21,1.0
5JJM_CD,6IVX_CE,10,22,1.0
5JJM_CD,6S4N_AB,10,23,0.996
5JJM_CD,6S4N_AC,10,24,0.982
5JJM_CD,6S4N_BC,10,25,0.9
5JJM_CD,6S4N_DA,10,26,0.878
5JJM_CD,6S4N_DB,10,27,1.0
5JJM_CD,6S4N_DC,10,28,0.996
5JJM_CD,7E2O_AB,10,29,0.914
5JJM_CD,8X7E_EG,10,30,1.0
5X8Q_CE,3IPS_AB,11,1,0.902
5X8Q_CE,3IPU_AB,11,2,0.9
5X8Q_CE,5AVI_AC,11,3,0.9
5X8Q_CE,5HJS_AB,11,4,0.898
5X8Q_CE,5JJM_AB,11,5,1.0
5X8Q_CE,5JJM_AC,11,6,0.99
5X8Q_CE,5JJM_AD,11,7,1.0
5X8Q_CE,5JJM_BC,11,8,0.984
5X8Q_CE,5JJM_BD,11,9,0.99
5X8Q_CE,5JJM_CD,11,10,1.0
5X8Q_CE,5X8Q_CG,11,12,1.0
5X8Q_CE,5X8Q_EG,11,13,1.0
5X8Q_CE,6A22_AC,11,14,1.0
5X8Q_CE,6A22_AE,11,15,1.0
5X8Q_CE,6A22_AG,11,16,1.0
5X8Q_CE,6A22_CE,11,17,1.0
5X8Q_CE,6A22_CG,11,18,1.0
5X8Q_CE,6A22_EG,11,19,1.0
5X8Q_CE,6IVX_AC,11,20,1.0
5X8Q_CE,6IVX_AE,11,21,1.0
5X8Q_CE,6IVX_CE,11,22,1.0
5X8Q_CE,6S4N_AB,11,23,0.996
5X8Q_CE,6S4N_AC,11,24,0.982
5X8Q_CE,6S4N_BC,11,25,0.9
5X8Q_CE,6S4N_DA,11,26,0.878
5X8Q_CE,6S4N_DB,11,27,1.0
5X8Q_CE,6S4N_DC,11,28,0.996
5X8Q_CE,7E2O_AB,11,29,0.914
5X8Q_CE,8X7E_EG,11,30,1.0
5X8Q_CG,3IPS_AB,12,1,0.902
5X8Q_CG,3IPU_AB,12,2,0.9
5X8Q_CG,5AVI_AC,12,3,0.9
5X8Q_CG,5HJS_AB,12,4,0.898
5X8Q_CG,5JJM_AB,12,5,1.0
5X8Q_CG,5JJM_AC,12,6,0.99
5X8Q_CG,5JJM_AD,12,7,1.0
5X8Q_CG,5JJM_BC,12,8,0.984
5X8Q_CG,5JJM_BD,12,9,0.99
5X8Q_CG,5JJM_CD,12,10,1.0
5X8Q_CG,5X8Q_CE,12,11,1.0
5X8Q_CG,5X8Q_EG,12,13,1.0
5X8Q_CG,6A22_AC,12,14,1.0
5X8Q_CG,6A22_AE,12,15,1.0
5X8Q_CG,6A22_AG,12,16,1.0
5X8Q_CG,6A22_CE,12,17,1.0
5X8Q_CG,6A22_CG,12,18,1.0
5X8Q_CG,6A22_EG,12,19,1.0
5X8Q_CG,6IVX_AC,12,20,1.0
5X8Q_CG,6IVX_AE,12,21,1.0
5X8Q_CG,6IVX_CE,12,22,1.0
5X8Q_CG,6S4N_AB,12,23,0.996
5X8Q_CG,6S4N_AC,12,24,0.982
5X8Q_CG,6S4N_BC,12,25,0.9
5X8Q_CG,6S4N_DA,12,26,0.878
5X8Q_CG,6S4N_DB,12,27,1.0
5X8Q_CG,6S4N_DC,12,28,0.996
5X8Q_CG,7E2O_AB,12,29,0.914
5X8Q_CG,8X7E_EG,12,30,1.0
5X8Q_EG,3IPS_AB,13,1,0.902
5X8Q_EG,3IPU_AB,13,2,0.9
5X8Q_EG,5AVI_AC,13,3,0.9
5X8Q_EG,5HJS_AB,13,4,0.898
5X8Q_EG,5JJM_AB,13,5,1.0
5X8Q_EG,5JJM_AC,13,6,0.99
5X8Q_EG,5JJM_AD,13,7,1.0
5X8Q_EG,5JJM_BC,13,8,0.984
5X8Q_EG,5JJM_BD,13,9,0.99
5X8Q_EG,5JJM_CD,13,10,1.0
5X8Q_EG,5X8Q_CE,13,11,1.0
5X8Q_EG,5X8Q_CG,13,12,1.0
5X8Q_EG,6A22_AC,13,14,1.0
5X8Q_EG,6A22_AE,13,15,1.0
5X8Q_EG,6A22_AG,13,16,1.0
5X8Q_EG,6A22_CE,13,17,1.0
5X8Q_EG,6A22_CG,13,18,1.0
5X8Q_EG,6A22_EG,13,19,1.0
5X8Q_EG,6IVX_AC,13,20,1.0
5X8Q_EG,6IVX_AE,13,21,1.0
5X8Q_EG,6IVX_CE,13,22,1.0
5X8Q_EG,6S4N_AB,13,23,0.996
5X8Q_EG,6S4N_AC,13,24,0.982
5X8Q_EG,6S4N_BC,13,25,0.9
5X8Q_EG,6S4N_DA,13,26,0.878
5X8Q_EG,6S4N_DB,13,27,1.0
5X8Q_EG,6S4N_DC,13,28,0.996
5X8Q_EG,7E2O_AB,13,29,0.914
5X8Q_EG,8X7E_EG,13,30,1.0
6A22_AC,3IPS_AB,14,1,0.902
6A22_AC,3IPU_AB,14,2,0.9
6A22_AC,5AVI_AC,14,3,0.9
6A22_AC,5HJS_AB,14,4,0.898
6A22_AC,5JJM_AB,14,5,1.0
6A22_AC,5JJM_AC,14,6,0.99
6A22_AC,5JJM_AD,14,7,1.0
6A22_AC,5JJM_BC,14,8,0.984
6A22_AC,5JJM_BD,14,9,0.99
6A22_AC,5JJM_CD,14,10,1.0
6A22_AC,5X8Q_CE,14,11,1.0
6A22_AC,5X8Q_CG,14,12,1.0
6A22_AC,5X8Q_EG,14,13,1.0
6A22_AC,6A22_AE,14,15,1.0
6A22_AC,6A22_AG,14,16,1.0
6A22_AC,6A22_CE,14,17,1.0
6A22_AC,6A22_CG,14,18,1.0
6A22_AC,6A22_EG,14,19,1.0
6A22_AC,6IVX_AC,14,20,1.0
6A22_AC,6IVX_AE,14,21,1.0
6A22_AC,6IVX_CE,14,22,1.0
6A22_AC,6S4N_AB,14,23,0.996
6A22_AC,6S4N_AC,14,24,0.982
6A22_AC,6S4N_BC,14,25,0.9
6A22_AC,6S4N_DA,14,26,0.878
6A22_AC,6S4N_DB,14,27,1.0
6A22_AC,6S4N_DC,14,28,0.996
6A22_AC,7E2O_AB,14,29,0.914
6A22_AC,8X7E_EG,14,30,1.0
6A22_AE,3IPS_AB,15,1,0.902
6A22_AE,3IPU_AB,15,2,0.9
6A22_AE,5AVI_AC,15,3,0.9
6A22_AE,5HJS_AB,15,4,0.898
6A22_AE,5JJM_AB,15,5,1.0
6A22_AE,5JJM_AC,15,6,0.99
6A22_AE,5JJM_AD,15,7,1.0
6A22_AE,5JJM_BC,15,8,0.984
6A22_AE,5JJM_BD,15,9,0.99
6A22_AE,5JJM_CD,15,10,1.0
6A22_AE,5X8Q_CE,15,11,1.0
6A22_AE,5X8Q_CG,15,12,1.0
6A22_AE,5X8Q_EG,15,13,1.0
6A22_AE,6A22_AC,15,14,1.0
6A22_AE,6A22_AG,15,16,1.0
6A22_AE,6A22_CE,15,17,1.0
6A22_AE,6A22_CG,15,18,1.0
6A22_AE,6A22_EG,15,19,1.0
6A22_AE,6IVX_AC,15,20,1.0
6A22_AE,6IVX_AE,15,21,1.0
6A22_AE,6IVX_CE,15,22,1.0
6A22_AE,6S4N_AB,15,23,0.996
6A22_AE,6S4N_AC,15,24,0.982
6A22_AE,6S4N_BC,15,25,0.9
6A22_AE,6S4N_DA,15,26,0.878
6A22_AE,6S4N_DB,15,27,1.0
6A22_AE,6S4N_DC,15,28,0.996
6A22_AE,7E2O_AB,15,29,0.914
6A22_AE,8X7E_EG,15,30,1.0
6A22_AG,3IPS_AB,16,1,0.902
6A22_AG,3IPU_AB,16,2,0.9
6A22_AG,5AVI_AC,16,3,0.9
6A22_AG,5HJS_AB,16,4,0.898
6A22_AG,5JJM_AB,16,5,1.0
6A22_AG,5JJM_AC,16,6,0.99
6A22_AG,5JJM_AD,16,7,1.0
6A22_AG,5JJM_BC,16,8,0.984
6A22_AG,5JJM_BD,16,9,0.99
6A22_AG,5JJM_CD,16,10,1.0
6A22_AG,5X8Q_CE,16,11,1.0
6A22_AG,5X8Q_CG,16,12,1.0
6A22_AG,5X8Q_EG,16,13,1.0
6A22_AG,6A22_AC,16,14,1.0
6A22_AG,6A22_AE,16,15,1.0
6A22_AG,6A22_CE,16,17,1.0
6A22_AG,6A22_CG,16,18,1.0
6A22_AG,6A22_EG,16,19,1.0
6A22_AG,6IVX_AC,16,20,1.0
6A22_AG,6IVX_AE,16,21,1.0
6A22_AG,6IVX_CE,16,22,1.0
6A22_AG,6S4N_AB,16,23,0.996
6A22_AG,6S4N_AC,16,24,0.982
6A22_AG,6S4N_BC,16,25,0.9
6A22_AG,6S4N_DA,16,26,0.878
6A22_AG,6S4N_DB,16,27,1.0
6A22_AG,6S4N_DC,16,28,0.996
6A22_AG,7E2O_AB,16,29,0.914
6A22_AG,8X7E_EG,16,30,1.0
6A22_CE,3IPS_AB,17,1,0.902
6A22_CE,3IPU_AB,17,2,0.9
6A22_CE,5AVI_AC,17,3,0.9
6A22_CE,5HJS_AB,17,4,0.898
6A22_CE,5JJM_AB,17,5,1.0
6A22_CE,5JJM_AC,17,6,0.99
6A22_CE,5JJM_AD,17,7,1.0
6A22_CE,5JJM_BC,17,8,0.984
6A22_CE,5JJM_BD,17,9,0.99
6A22_CE,5JJM_CD,17,10,1.0
6A22_CE,5X8Q_CE,17,11,1.0
6A22_CE,5X8Q_CG,17,12,1.0
6A22_CE,5X8Q_EG,17,13,1.0
6A22_CE,6A22_AC,17,14,1.0
6A22_CE,6A22_AE,17,15,1.0
6A22_CE,6A22_AG,17,16,1.0
6A22_CE,6A22_CG,17,18,1.0
6A22_CE,6A22_EG,17,19,1.0
6A22_CE,6IVX_AC,17,20,1.0
6A22_CE,6IVX_AE,17,21,1.0
6A22_CE,6IVX_CE,17,22,1.0
6A22_CE,6S4N_AB,17,23,0.996
6A22_CE,6S4N_AC,17,24,0.982
6A22_CE,6S4N_BC,17,25,0.9
6A22_CE,6S4N_DA,17,26,0.878
6A22_CE,6S4N_DB,17,27,1.0
6A22_CE,6S4N_DC,17,28,0.996
6A22_CE,7E2O_AB,17,29,0.914
6A22_CE,8X7E_EG,17,30,1.0
6A22_CG,3IPS_AB,18,1,0.902
6A22_CG,3IPU_AB,18,2,0.9
6A22_CG,5AVI_AC,18,3,0.9
6A22_CG,5HJS_AB,18,4,0.898
6A22_CG,5JJM_AB,18,5,1.0
6A22_CG,5JJM_AC,18,6,0.99
6A22_CG,5JJM_AD,18,7,1.0
6A22_CG,5JJM_BC,18,8,0.984
6A22_CG,5JJM_BD,18,9,0.99
6A22_CG,5JJM_CD,18,10,1.0
6A22_CG,5X8Q_CE,18,11,1.0
6A22_CG,5X8Q_CG,18,12,1.0
6A22_CG,5X8Q_EG,18,13,1.0
6A22_CG,6A22_AC,18,14,1.0
6A22_CG,6A22_AE,18,15,1.0
6A22_CG,6A22_AG,18,16,1.0
6A22_CG,6A22_CE,18,17,1.0
6A22_CG,6A22_EG,18,19,1.0
6A22_CG,6IVX_AC,18,20,1.0
6A22_CG,6IVX_AE,18,21,1.0
6A22_CG,6IVX_CE,18,22,1.0
6A22_CG,6S4N_AB,18,23,0.996
6A22_CG,6S4N_AC,18,24,0.982
6A22_CG,6S4N_BC,18,25,0.9
6A22_CG,6S4N_DA,18,26,0.878
6A22_CG,6S4N_DB,18,27,1.0
6A22_CG,6S4N_DC,18,28,0.996
6A22_CG,7E2O_AB,18,29,0.914
6A22_CG,8X7E_EG,18,30,1.0
6A22_EG,3IPS_AB,19,1,0.902
6A22_EG,3IPU_AB,19,2,0.9
6A22_EG,5AVI_AC,19,3,0.9
6A22_EG,5HJS_AB,19,4,0.898
6A22_EG,5JJM_AB,19,5,1.0
6A22_EG,5JJM_AC,19,6,0.99
6A22_EG,5JJM_AD,19,7,1.0
6A22_EG,5JJM_BC,19,8,0.984
6A22_EG,5JJM_BD,19,9,0.99
6A22_EG,5JJM_CD,19,10,1.0
6A22_EG,5X8Q_CE,19,11,1.0
6A22_EG,5X8Q_CG,19,12,1.0
6A22_EG,5X8Q_EG,19,13,1.0
6A22_EG,6A22_AC,19,14,1.0
6A22_EG,6A22_AE,19,15,1.0
6A22_EG,6A22_AG,19,16,1.0
6A22_EG,6A22_CE,19,17,1.0
6A22_EG,6A22_CG,19,18,1.0
6A22_EG,6IVX_AC,19,20,1.0
6A22_EG,6IVX_AE,19,21,1.0
6A22_EG,6IVX_CE,19,22,1.0
6A22_EG,6S4N_AB,19,23,0.996
6A22_EG,6S4N_AC,19,24,0.982
6A22_EG,6S4N_BC,19,25,0.9
6A22_EG,6S4N_DA,19,26,0.878
6A22_EG,6S4N_DB,19,27,1.0
6A22_EG,6S4N_DC,19,28,0.996
6A22_EG,7E2O_AB,19,29,0.914
6A22_EG,8X7E_EG,19,30,1.0
6IVX_AC,3IPS_AB,20,1,0.902
6IVX_AC,3IPU_AB,20,2,0.9
6IVX_AC,5AVI_AC,20,3,0.9
6IVX_AC,5HJS_AB,20,4,0.898
6IVX_AC,5JJM_AB,20,5,1.0
6IVX_AC,5JJM_AC,20,6,0.99
6IVX_AC,5JJM_AD,20,7,1.0
6IVX_AC,5JJM_BC,20,8,0.984
6IVX_AC,5JJM_BD,20,9,0.99
6IVX_AC,5JJM_CD,20,10,1.0
6IVX_AC,5X8Q_CE,20,11,1.0
6IVX_AC,5X8Q_CG,20,12,1.0
6IVX_AC,5X8Q_EG,20,13,1.0
6IVX_AC,6A22_AC,20,14,1.0
6IVX_AC,6A22_AE,20,15,1.0
6IVX_AC,6A22_AG,20,16,1.0
6IVX_AC,6A22_CE,20,17,1.0
6IVX_AC,6A22_CG,20,18,1.0
6IVX_AC,6A22_EG,20,19,1.0
6IVX_AC,6IVX_AE,20,21,1.0
6IVX_AC,6IVX_CE,20,22,1.0
6IVX_AC,6S4N_AB,20,23,0.996
6IVX_AC,6S4N_AC,20,24,0.982
6IVX_AC,6S4N_BC,20,25,0.9
6IVX_AC,6S4N_DA,20,26,0.878
6IVX_AC,6S4N_DB,20,27,1.0
6IVX_AC,6S4N_DC,20,28,0.996
6IVX_AC,7E2O_AB,20,29,0.914
6IVX_AC,8X7E_EG,20,30,1.0
6IVX_AE,3IPS_AB,21,1,0.902
6IVX_AE,3IPU_AB,21,2,0.9
6IVX_AE,5AVI_AC,21,3,0.9
6IVX_AE,5HJS_AB,21,4,0.898
6IVX_AE,5JJM_AB,21,5,1.0
6IVX_AE,5JJM_AC,21,6,0.99
6IVX_AE,5JJM_AD,21,7,1.0
6IVX_AE,5JJM_BC,21,8,0.984
6IVX_AE,5JJM_BD,21,9,0.99
6IVX_AE,5JJM_CD,21,10,1.0
6IVX_AE,5X8Q_CE,21,11,1.0
6IVX_AE,5X8Q_CG,21,12,1.0
6IVX_AE,5X8Q_EG,21,13,1.0
6IVX_AE,6A22_AC,21,14,1.0
6IVX_AE,6A22_AE,21,15,1.0
6IVX_AE,6A22_AG,21,16,1.0
6IVX_AE,6A22_CE,21,17,1.0
6IVX_AE,6A22_CG,21,18,1.0
6IVX_AE,6A22_EG,21,19,1.0
6IVX_AE,6IVX_AC,21,20,1.0
6IVX_AE,6IVX_CE,21,22,1.0
6IVX_AE,6S4N_AB,21,23,0.996
6IVX_AE,6S4N_AC,21,24,0.982
6IVX_AE,6S4N_BC,21,25,0.9
6IVX_AE,6S4N_DA,21,26,0.878
6IVX_AE,6S4N_DB,21,27,1.0
6IVX_AE,6S4N_DC,21,28,0.996
6IVX_AE,7E2O_AB,21,29,0.914
6IVX_AE,8X7E_EG,21,30,1.0
6IVX_CE,3IPS_AB,22,1,0.902
6IVX_CE,3IPU_AB,22,2,0.9
6IVX_CE,5AVI_AC,22,3,0.9
6IVX_CE,5HJS_AB,22,4,0.898
6IVX_CE,5JJM_AB,22,5,1.0
6IVX_CE,5JJM_AC,22,6,0.99
6IVX_CE,5JJM_AD,22,7,1.0
6IVX_CE,5JJM_BC,22,8,0.984
6IVX_CE,5JJM_BD,22,9,0.99
6IVX_CE,5JJM_CD,22,10,1.0
6IVX_CE,5X8Q_CE,22,11,1.0
6IVX_CE,5X8Q_CG,22,12,1.0
6IVX_CE,5X8Q_EG,22,13,1.0
6IVX_CE,6A22_AC,22,14,1.0
6IVX_CE,6A22_AE,22,15,1.0
6IVX_CE,6A22_AG,22,16,1.0
6IVX_CE,6A22_CE,22,17,1.0
6IVX_CE,6A22_CG,22,18,1.0
6IVX_CE,6A22_EG,22,19,1.0
6IVX_CE,6IVX_AC,22,20,1.0
6IVX_CE,6IVX_AE,22,21,1.0
6IVX_CE,6S4N_AB,22,23,0.996
6IVX_CE,6S4N_AC,22,24,0.982
6IVX_CE,6S4N_BC,22,25,0.9
6IVX_CE,6S4N_DA,22,26,0.878
6IVX_CE,6S4N_DB,22,27,1.0
6IVX_CE,6S4N_DC,22,28,0.996
6IVX_CE,7E2O_AB,22,29,0.914
6IVX_CE,8X7E_EG,22,30,1.0
6S4N_AB,3IPS_AB,23,1,0.898
6S4N_AB,3IPU_AB,23,2,0.896
6S4N_AB,5AVI_AC,23,3,0.896
6S4N_AB,5HJS_AB,23,4,0.894
6S4N_AB,5JJM_AB,23,5,0.996
6S4N_AB,5JJM_AC,23,6,0.986
6S4N_AB,5JJM_AD,23,7,0.996
6S4N_AB,5JJM_BC,23,8,0.98
6S4N_AB,5JJM_BD,23,9,0.986
6S4N_AB,5JJM_CD,23,10,0.996
6S4N_AB,5X8Q_CE,23,11,0.996
6S4N_AB,5X8Q_CG,23,12,0.996
6S4N_AB,5X8Q_EG,23,13,0.996
6S4N_AB,6A22_AC,23,14,0.996
6S4N_AB,6A22_AE,23,15,0.996
6S4N_AB,6A22_AG,23,16,0.996
6S4N_AB,6A22_CE,23,17,0.996
6S4N_AB,6A22_CG,23,18,0.996
6S4N_AB,6A22_EG,23,19,0.996
6S4N_AB,6IVX_AC,23,20,0.996
6S4N_AB,6IVX_AE,23,21,0.996
6S4N_AB,6IVX_CE,23,22,0.996
6S4N_AB,6S4N_AC,23,24,0.978
6S4N_AB,6S4N_BC,23,25,0.896
6S4N_AB,6S4N_DA,23,26,0.874
6S4N_AB,6S4N_DB,23,27,0.996
6S4N_AB,6S4N_DC,23,28,1.0
6S4N_AB,7E2O_AB,23,29,0.91
6S4N_AB,8X7E_EG,23,30,0.996
6S4N_AC,3IPS_AB,24,1,0.884
6S4N_AC,3IPU_AB,24,2,0.882
6S4N_AC,5AVI_AC,24,3,0.882
6S4N_AC,5HJS_AB,24,4,0.88
6S4N_AC,5JJM_AB,24,5,0.982
6S4N_AC,5JJM_AC,24,6,0.972
6S4N_AC,5JJM_AD,24,7,0.982
6S4N_AC,5JJM_BC,24,8,0.966
6S4N_AC,5JJM_BD,24,9,0.972
6S4N_AC,5JJM_CD,24,10,0.982
6S4N_AC,5X8Q_CE,24,11,0.982
6S4N_AC,5X8Q_CG,24,12,0.982
6S4N_AC,5X8Q_EG,24,13,0.982
6S4N_AC,6A22_AC,24,14,0.982
6S4N_AC,6A22_AE,24,15,0.982
6S4N_AC,6A22_AG,24,16,0.982
6S4N_AC,6A22_CE,24,17,0.982
6S4N_AC,6A22_CG,24,18,0.982
6S4N_AC,6A22_EG,24,19,0.982
6S4N_AC,6IVX_AC,24,20,0.982
6S4N_AC,6IVX_AE,24,21,0.982
6S4N_AC,6IVX_CE,24,22,0.982
6S4N_AC,6S4N_AB,24,23,0.978
6S4N_AC,6S4N_BC,24,25,0.882
6S4N_AC,6S4N_DA,24,26,0.86
6S4N_AC,6S4N_DB,24,27,0.982
6S4N_AC,6S4N_DC,24,28,0.978
6S4N_AC,7E2O_AB,24,29,0.896
6S4N_AC,8X7E_EG,24,30,0.982
6S4N_BC,3IPS_AB,25,1,0.978
6S4N_BC,3IPU_AB,25,2,0.972
6S4N_BC,5AVI_AC,25,3,0.972
6S4N_BC,5HJS_AB,25,4,0.974
6S4N_BC,5JJM_AB,25,5,0.9
6S4N_BC,5JJM_AC,25,6,0.89
6S4N_BC,5JJM_AD,25,7,0.9
6S4N_BC,5JJM_BC,25,8,0.884
6S4N_BC,5JJM_BD,25,9,0.89
6S4N_BC,5JJM_CD,25,10,0.9
6S4N_BC,5X8Q_CE,25,11,0.9
6S4N_BC,5X8Q_CG,25,12,0.9
6S4N_BC,5X8Q_EG,25,13,0.9
6S4N_BC,6A22_AC,25,14,0.9
6S4N_BC,6A22_AE,25,15,0.9
6S4N_BC,6A22_AG,25,16,0.9
6S4N_BC,6A22_CE,25,17,0.9
6S4N_BC,6A22_CG,25,18,0.9
6S4N_BC,6A22_EG,25,19,0.9
6S4N_BC,6IVX_AC,25,20,0.9
6S4N_BC,6IVX_AE,25,21,0.9
6S4N_BC,6IVX_CE,25,22,0.9
6S4N_BC,6S4N_AB,25,23,0.896
6S4N_BC,6S4N_AC,25,24,0.882
6S4N_BC,6S4N_DA,25,26,0.978
6S4N_BC,6S4N_DB,25,27,0.9
6S4N_BC,6S4N_DC,25,28,0.896
6S4N_BC,7E2O_AB,25,29,0.934
6S4N_BC,8X7E_EG,25,30,0.9
6S4N_DA,3IPS_AB,26,1,0.976
6S4N_DA,3IPU_AB,26,2,0.978
6S4N_DA,5AVI_AC,26,3,0.978
6S4N_DA,5HJS_AB,26,4,0.98
6S4N_DA,5JJM_AB,26,5,0.878
6S4N_DA,5JJM_AC,26,6,0.868
6S4N_DA,5JJM_AD,26,7,0.878
6S4N_DA,5JJM_BC,26,8,0.862
6S4N_DA,5JJM_BD,26,9,0.868
6S4N_DA,5JJM_CD,26,10,0.878
6S4N_DA,5X8Q_CE,26,11,0.878
6S4N_DA,5X8Q_CG,26,12,0.878
6S4N_DA,5X8Q_EG,26,13,0.878
6S4N_DA,6A22_AC,26,14,0.878
6S4N_DA,6A22_AE,26,15,0.878
6S4N_DA,6A22_AG,26,16,0.878
6S4N_DA,6A22_CE,26,17,0.878
6S4N_DA,6A22_CG,26,18,0.878
6S4N_DA,6A22_EG,26,19,0.878
6S4N_DA,6IVX_AC,26,20,0.878
6S4N_DA,6IVX_AE,26,21,0.878
6S4N_DA,6IVX_CE,26,22,0.878
6S4N_DA,6S4N_AB,26,23,0.874
6S4N_DA,6S4N_AC,26,24,0.86
6S4N_DA,6S4N_BC,26,25,0.978
6S4N_DA,6S4N_DB,26,27,0.878
6S4N_DA,6S4N_DC,26,28,0.874
6S4N_DA,7E2O_AB,26,29,0.932
6S4N_DA,8X7E_EG,26,30,0.878
6S4N_DB,3IPS_AB,27,1,0.902
6S4N_DB,3IPU_AB,27,2,0.9
6S4N_DB,5AVI_AC,27,3,0.9
6S4N_DB,5HJS_AB,27,4,0.898
6S4N_DB,5JJM_AB,27,5,1.0
6S4N_DB,5JJM_AC,27,6,0.99
6S4N_DB,5JJM_AD,27,7,1.0
6S4N_DB,5JJM_BC,27,8,0.984
6S4N_DB,5JJM_BD,27,9,0.99
6S4N_DB,5JJM_CD,27,10,1.0
6S4N_DB,5X8Q_CE,27,11,1.0
6S4N_DB,5X8Q_CG,27,12,1.0
6S4N_DB,5X8Q_EG,27,13,1.0
6S4N_DB,6A22_AC,27,14,1.0
6S4N_DB,6A22_AE,27,15,1.0
6S4N_DB,6A22_AG,27,16,1.0
6S4N_DB,6A22_CE,27,17,1.0
6S4N_DB,6A22_CG,27,18,1.0
6S4N_DB,6A22_EG,27,19,1.0
6S4N_DB,6IVX_AC,27,20,1.0
6S4N_DB,6IVX_AE,27,21,1.0
6S4N_DB,6IVX_CE,27,22,1.0
6S4N_DB,6S4N_AB,27,23,0.996
6S4N_DB,6S4N_AC,27,24,0.982
6S4N_DB,6S4N_BC,27,25,0.9
6S4N_DB,6S4N_DA,27,26,0.878
6S4N_DB,6S4N_DC,27,28,0.996
6S4N_DB,7E2O_AB,27,29,0.914
6S4N_DB,8X7E_EG,27,30,1.0
6S4N_DC,3IPS_AB,28,1,0.898
6S4N_DC,3IPU_AB,28,2,0.896
6S4N_DC,5AVI_AC,28,3,0.896
6S4N_DC,5HJS_AB,28,4,0.894
6S4N_DC,5JJM_AB,28,5,0.996
6S4N_DC,5JJM_AC,28,6,0.986
6S4N_DC,5JJM_AD,28,7,0.996
6S4N_DC,5JJM_BC,28,8,0.98
6S4N_DC,5JJM_BD,28,9,0.986
6S4N_DC,5JJM_CD,28,10,0.996
6S4N_DC,5X8Q_CE,28,11,0.996
6S4N_DC,5X8Q_CG,28,12,0.996
6S4N_DC,5X8Q_EG,28,13,0.996
6S4N_DC,6A22_AC,28,14,0.996
6S4N_DC,6A22_AE,28,15,0.996
6S4N_DC,6A22_AG,28,16,0.996
6S4N_DC,6A22_CE,28,17,0.996
6S4N_DC,6A22_CG,28,18,0.996
6S4N_DC,6A22_EG,28,19,0.996
6S4N_DC,6IVX_AC,28,20,0.996
6S4N_DC,6IVX_AE,28,21,0.996
6S4N_DC,6IVX_CE,28,22,0.996
6S4N_DC,6S4N_AB,28,23,1.0
6S4N_DC,6S4N_AC,28,24,0.978
6S4N_DC,6S4N_BC,28,25,0.896
6S4N_DC,6S4N_DA,28,26,0.874
6S4N_DC,6S4N_DB,28,27,0.996
6S4N_DC,7E2O_AB,28,29,0.91
6S4N_DC,8X7E_EG,28,30,0.996
7E2O_AB,3IPS_AB,29,1,0.956
7E2O_AB,3IPU_AB,29,2,0.95
7E2O_AB,5AVI_AC,29,3,0.95
7E2O_AB,5HJS_AB,29,4,0.952
7E2O_AB,5JJM_AB,29,5,0.914
7E2O_AB,5JJM_AC,29,6,0.904
7E2O_AB,5JJM_AD,29,7,0.914
7E2O_AB,5JJM_BC,29,8,0.898
7E2O_AB,5JJM_BD,29,9,0.904
7E2O_AB,5JJM_CD,29,10,0.914
7E2O_AB,5X8Q_CE,29,11,0.914
7E2O_AB,5X8Q_CG,29,12,0.914
7E2O_AB,5X8Q_EG,29,13,0.914
7E2O_AB,6A22_AC,29,14,0.914
7E2O_AB,6A22_AE,29,15,0.914
7E2O_AB,6A22_AG,29,16,0.914
7E2O_AB,6A22_CE,29,17,0.914
7E2O_AB,6A22_CG,29,18,0.914
7E2O_AB,6A22_EG,29,19,0.914
7E2O_AB,6IVX_AC,29,20,0.914
7E2O_AB,6IVX_AE,29,21,0.914
7E2O_AB,6IVX_CE,29,22,0.914
7E2O_AB,6S4N_AB,29,23,0.91
7E2O_AB,6S4N_AC,29,24,0.896
7E2O_AB,6S4N_BC,29,25,0.934
7E2O_AB,6S4N_DA,29,26,0.932
7E2O_AB,6S4N_DB,29,27,0.914
7E2O_AB,6S4N_DC,29,28,0.91
7E2O_AB,8X7E_EG,29,30,0.914
8X7E_EG,3IPS_AB,30,1,0.902
8X7E_EG,3IPU_AB,30,2,0.9
8X7E_EG,5AVI_AC,30,3,0.9
8X7E_EG,5HJS_AB,30,4,0.898
8X7E_EG,5JJM_AB,30,5,1.0
8X7E_EG,5JJM_AC,30,6,0.99
8X7E_EG,5JJM_AD,30,7,1.0
8X7E_EG,5JJM_BC,30,8,0.984
8X7E_EG,5JJM_BD,30,9,0.99
8X7E_EG,5JJM_CD,30,10,1.0
8X7E_EG,5X8Q_CE,30,11,1.0
8X7E_EG,5X8Q_CG,30,12,1.0
8X7E_EG,5X8Q_EG,30,13,1.0
8X7E_EG,6A22_AC,30,14,1.0
8X7E_EG,6A22_AE,30,15,1.0
8X7E_EG,6A22_AG,30,16,1.0
8X7E_EG,6A22_CE,30,17,1.0
8X7E_EG,6A22_CG,30,18,1.0
8X7E_EG,6A22_EG,30,19,1.0
8X7E_EG,6IVX_AC,30,20,1.0
8X7E_EG,6IVX_AE,30,21,1.0
8X7E_EG,6IVX_CE,30,22,1.0
8X7E_EG,6S4N_AB,30,23,0.996
8X7E_EG,6S4N_AC,30,24,0.982
8X7E_EG,6S4N_BC,30,25,0.9
8X7E_EG,6S4N_DA,30,26,0.878
8X7E_EG,6S4N_DB,30,27,1.0
8X7E_EG,6S4N_DC,30,28,0.996
8X7E_EG,7E2O_AB,30,29,0.914
