,ResNum,ResName,3IPS_AB,3IPU_AB,5AVI_AC,5HJS_AB,5JJM_AC,5JJM_BC,5JJM_BD,6S4N_AB,6S4N_AC,6S4N_BC,6S4N_DA,6S4N_DC,7E2O_AB
0,669,CYS,"(False, False)","(False, False)","(False, False)","(False, False)","(False, False)","(False, False)","(False, False)","(False, False)","(False, False)","(False, False)","(False, False)","(False, False)","(False, False)"
1,670,GLN,"(False, False)","(False, False)","(False, False)","(False, False)","(False, False)","(False, False)","(False, False)","(False, False)","(False, False)","(False, False)","(False, False)","(False, False)","(False, False)"
2,671,PRO,"(False, False)","(False, False)","(False, False)","(False, False)","(False, False)","(False, False)","(False, False)","(False, False)","(False, False)","(False, False)","(False, False)","(False, False)","(False, False)"
3,672,ILE,"(False, False)","(False, False)","(False, False)","(False, False)","(False, False)","(False, False)","(False, False)","(False, False)","(False, False)","(False, False)","(False, False)","(False, False)","(False, False)"
4,673,PHE,"(False, False)","(False, False)","(False, False)","(False, False)","(False, False)","(False, False)","(False, False)","(False, False)","(False, False)","(False, False)","(False, False)","(False, False)","(False, False)"
5,674,LEU,"(False, False)","(False, False)","(False, False)","(False, False)","(False, False)","(False, False)","(False, False)","(False, False)","(False, False)","(False, False)","(False, False)","(False, False)","(False, False)"
6,675,ASN,"(False, False)","(False, False)","(False, False)","(False, False)","(False, False)","(False, False)","(False, False)","(False, False)","(False, False)","(False, False)","(False, False)","(False, False)","(False, False)"
7,676,VAL,"(False, False)","(False, False)","(False, False)","(False, False)","(False, False)","(False, False)","(False, False)","(False, False)","(False, False)","(False, False)","(False, False)","(False, False)","(False, False)"
8,677,LEU,"(False, False)","(False, False)","(False, False)","(False, False)","(False, False)","(False, False)","(False, False)","(False, False)","(False, False)","(False, False)","(False, False)","(False, False)","(False, False)"
9,678,GLU,"(False, False)","(False, False)","(False, False)","(False, False)","(False, False)","(False, False)","(False, False)","(False, False)","(False, False)","(False, False)","(False, False)","(False, False)","(False, False)"
10,679,ALA,"(False, False)","(False, False)","(False, False)","(False, False)","(False, False)","(False, False)","(False, False)","(False, False)","(False, False)","(False, False)","(False, False)","(False, False)","(False, False)"
11,680,ILE,"(False, False)","(False, False)","(False, False)","(False, False)","(False, False)","(False, False)","(False, False)","(False, False)","(False, False)","(False, False)","(False, False)","(False, False)","(False, False)"
12,681,GLU,"(False, False)","(False, False)","(False, False)","(False, False)","(False, False)","(False, False)","(False, False)","(False, False)","(False, False)","(False, False)","(False, False)","(False, False)","(False, False)"
13,682,PRO,"(False, False)","(False, False)","(False, False)","(False, False)","(False, False)","(False, False)","(False, False)","(False, False)","(False, False)","(False, False)","(False, False)","(False, False)","(False, False)"
14,683,GLY,"(False, False)","(False, False)","(False, False)","(False, False)","(False, False)","(True, True)","(False, False)","(False, False)","(False, False)","(False, False)","(False, False)","(False, False)","(False, False)"
15,684,VAL,"(False, False)","(False, False)","(False, False)","(False, False)","(False, False)","(False, False)","(False, False)","(False, False)","(False, False)","(False, False)","(False, False)","(False, False)","(False, False)"
16,685,VAL,"(False, False)","(False, False)","(False, False)","(False, False)","(False, False)","(False, False)","(False, False)","(False, False)","(False, False)","(False, False)","(False, False)","(False, False)","(False, False)"
17,686,CYS,"(False, False)","(False, False)","(False, False)","(False, False)","(False, False)","(False, False)","(False, False)","(False, False)","(False, False)","(False, False)","(False, False)","(False, False)","(False, False)"
18,687,ALA,"(False, False)","(False, False)","(False, False)","(False, False)","(False, False)","(False, False)","(False, False)","(False, False)","(False, False)","(False, False)","(False, False)","(False, False)","(False, False)"
19,688,GLY,"(False, False)","(False, False)","(False, False)","(False, False)","(False, False)","(False, False)","(False, False)","(False, False)","(False, False)","(False, False)","(False, False)","(False, False)","(False, False)"
20,689,HIS,"(False, False)","(False, False)","(False, False)","(False, False)","(False, False)","(False, False)","(False, False)","(False, False)","(False, False)","(False, False)","(False, False)","(False, False)","(False, False)"
21,690,ASP,"(False, False)","(False, False)","(False, False)","(False, False)","(False, False)","(False, False)","(False, False)","(False, False)","(False, False)","(False, False)","(False, False)","(False, False)","(False, False)"
22,691,ASN,"(False, False)","(False, False)","(False, False)","(False, False)","(False, False)","(False, False)","(False, False)","(False, False)","(False, False)","(False, False)","(False, False)","(False, False)","(False, False)"
23,692,ASN,"(False, False)","(False, False)","(False, False)","(False, False)","(False, False)","(False, False)","(False, False)","(False, False)","(False, False)","(False, False)","(False, False)","(False, False)","(False, False)"
24,693,GLN,"(False, False)","(False, False)","(False, False)","(False, False)","(False, False)","(False, False)","(False, False)","(False, False)","(False, False)","(False, False)","(False, False)","(False, False)","(False, False)"
25,694,PRO,"(False, False)","(False, False)","(False, False)","(False, False)","(True, False)","(False, False)","(False, True)","(False, False)","(False, False)","(False, False)","(False, False)","(False, False)","(False, False)"
26,695,ASP,"(False, False)","(False, False)","(False, False)","(False, False)","(False, False)","(False, False)","(False, False)","(False, False)","(False, False)","(False, False)","(False, False)","(False, False)","(False, False)"
27,696,SER,"(False, False)","(False, False)","(False, False)","(False, False)","(False, False)","(False, False)","(False, False)","(False, False)","(False, False)","(False, False)","(False, False)","(False, False)","(False, False)"
28,697,PHE,"(False, False)","(False, False)","(False, False)","(False, False)","(False, False)","(False, False)","(False, False)","(False, False)","(False, False)","(False, False)","(False, False)","(False, False)","(False, False)"
29,698,ALA,"(False, False)","(False, False)","(False, False)","(False, False)","(False, False)","(False, False)","(False, False)","(False, False)","(False, False)","(False, False)","(False, False)","(False, False)","(False, False)"
30,699,ALA,"(False, False)","(False, False)","(False, False)","(False, False)","(False, False)","(False, False)","(False, False)","(False, False)","(False, False)","(False, False)","(False, False)","(False, False)","(False, False)"
31,700,LEU,"(False, False)","(False, False)","(False, False)","(False, False)","(False, False)","(False, False)","(False, False)","(False, False)","(False, False)","(False, False)","(False, False)","(False, False)","(False, False)"
32,701,LEU,"(False, False)","(False, False)","(False, False)","(False, False)","(False, False)","(False, False)","(False, False)","(False, False)","(False, False)","(False, False)","(False, False)","(False, False)","(False, False)"
33,702,SER,"(False, False)","(False, False)","(False, False)","(False, False)","(False, False)","(False, False)","(False, False)","(False, False)","(False, False)","(False, False)","(False, False)","(False, False)","(False, False)"
34,703,SER,"(False, False)","(False, False)","(False, False)","(False, False)","(False, False)","(False, False)","(False, False)","(False, False)","(False, False)","(False, False)","(False, False)","(False, False)","(False, False)"
35,704,LEU,"(False, False)","(False, False)","(False, False)","(False, False)","(False, False)","(False, False)","(False, False)","(False, False)","(False, False)","(False, False)","(False, False)","(False, False)","(False, False)"
36,705,ASN,"(False, False)","(False, False)","(False, False)","(False, False)","(False, False)","(False, False)","(False, False)","(False, False)","(False, False)","(False, False)","(False, False)","(False, False)","(False, False)"
37,706,GLU,"(False, False)","(False, False)","(False, False)","(False, False)","(False, False)","(False, False)","(False, False)","(False, False)","(False, False)","(False, False)","(False, False)","(False, False)","(False, False)"
38,707,LEU,"(False, False)","(False, False)","(False, False)","(False, False)","(False, False)","(False, False)","(False, False)","(False, False)","(False, False)","(False, False)","(False, False)","(False, False)","(False, False)"
39,708,GLY,"(False, False)","(False, False)","(False, False)","(False, False)","(False, False)","(False, False)","(False, False)","(False, False)","(False, False)","(False, False)","(False, False)","(False, False)","(False, False)"
40,709,GLU,"(False, False)","(False, False)","(False, False)","(False, False)","(False, False)","(False, False)","(False, False)","(False, False)","(False, False)","(False, False)","(False, False)","(False, False)","(False, False)"
41,710,ARG,"(False, False)","(False, False)","(False, False)","(False, False)","(False, False)","(False, False)","(False, False)","(False, False)","(False, False)","(False, False)","(False, False)","(False, False)","(False, False)"
42,711,GLN,"(False, False)","(False, False)","(False, False)","(False, False)","(False, False)","(False, False)","(False, False)","(False, False)","(False, False)","(False, False)","(False, False)","(False, False)","(False, False)"
43,712,LEU,"(False, False)","(False, False)","(False, False)","(False, False)","(False, False)","(False, False)","(False, False)","(False, False)","(False, False)","(False, False)","(False, False)","(False, False)","(False, False)"
44,713,VAL,"(False, False)","(False, False)","(False, False)","(False, False)","(False, False)","(False, False)","(False, False)","(False, False)","(False, False)","(False, False)","(False, False)","(False, False)","(False, False)"
45,714,HIS,"(False, False)","(False, False)","(False, False)","(False, False)","(False, False)","(False, False)","(False, False)","(False, False)","(False, False)","(False, False)","(False, False)","(False, False)","(False, False)"
46,715,VAL,"(False, False)","(False, False)","(False, False)","(False, False)","(False, False)","(False, False)","(False, False)","(False, False)","(False, False)","(False, False)","(False, False)","(False, False)","(False, False)"
47,716,VAL,"(False, False)","(False, False)","(False, False)","(False, False)","(False, False)","(False, False)","(False, False)","(False, False)","(False, False)","(False, False)","(False, False)","(False, False)","(False, False)"
48,717,LYS,"(False, False)","(False, False)","(False, False)","(False, False)","(False, False)","(False, False)","(False, False)","(False, False)","(False, False)","(False, False)","(False, False)","(False, False)","(False, False)"
49,718,TRP,"(False, False)","(False, False)","(False, False)","(False, False)","(False, False)","(False, False)","(False, False)","(False, False)","(False, False)","(False, False)","(False, False)","(False, False)","(False, False)"
50,719,ALA,"(False, False)","(False, False)","(False, False)","(False, False)","(False, False)","(False, False)","(False, False)","(False, False)","(False, False)","(False, False)","(False, False)","(False, False)","(False, False)"
51,720,LYS,"(False, False)","(False, False)","(False, False)","(False, False)","(False, False)","(False, False)","(False, False)","(False, False)","(False, False)","(False, False)","(False, False)","(False, False)","(False, False)"
52,721,ALA,"(False, False)","(False, False)","(False, False)","(False, False)","(False, False)","(False, False)","(False, False)","(False, False)","(False, False)","(False, False)","(False, False)","(False, False)","(False, False)"
53,722,LEU,"(False, False)","(False, False)","(False, False)","(False, False)","(False, False)","(False, False)","(False, False)","(False, False)","(False, False)","(False, False)","(False, False)","(False, False)","(False, False)"
54,723,PRO,"(False, False)","(False, False)","(False, False)","(False, False)","(False, True)","(False, False)","(True, False)","(False, False)","(False, False)","(False, False)","(False, False)","(False, False)","(False, False)"
55,724,GLY,"(False, False)","(False, False)","(False, False)","(False, False)","(False, True)","(False, False)","(True, False)","(False, False)","(False, False)","(False, False)","(False, False)","(False, False)","(False, False)"
56,725,PHE,"(False, False)","(False, False)","(False, False)","(False, False)","(False, False)","(False, False)","(False, False)","(False, False)","(False, False)","(False, False)","(False, False)","(False, False)","(False, False)"
57,726,ARG,"(False, False)","(False, False)","(False, False)","(False, False)","(False, False)","(False, False)","(False, False)","(False, False)","(False, False)","(False, False)","(False, False)","(False, False)","(False, False)"
58,727,ASN,"(False, False)","(False, False)","(False, False)","(False, False)","(False, True)","(False, False)","(True, False)","(False, False)","(False, False)","(False, False)","(False, False)","(False, False)","(False, False)"
59,728,LEU,"(False, False)","(False, False)","(False, False)","(False, False)","(False, False)","(False, False)","(False, False)","(False, False)","(False, False)","(False, False)","(False, False)","(False, False)","(False, False)"
60,729,HIS,"(False, False)","(False, False)","(False, False)","(False, False)","(False, False)","(False, False)","(False, False)","(True, False)","(False, False)","(False, False)","(False, False)","(False, True)","(False, False)"
61,730,VAL,"(False, False)","(False, False)","(False, False)","(False, False)","(False, False)","(False, False)","(False, False)","(False, False)","(False, False)","(False, False)","(False, False)","(False, False)","(False, False)"
62,731,ASP,"(False, False)","(False, False)","(False, False)","(False, False)","(False, False)","(False, False)","(False, False)","(False, False)","(False, False)","(False, False)","(False, False)","(False, False)","(False, False)"
63,732,ASP,"(False, False)","(False, False)","(False, False)","(False, False)","(False, False)","(False, False)","(False, False)","(False, False)","(False, False)","(False, False)","(False, False)","(False, False)","(False, False)"
64,733,GLN,"(False, False)","(False, False)","(False, False)","(False, False)","(False, False)","(False, False)","(False, False)","(False, False)","(False, False)","(False, False)","(False, False)","(False, False)","(False, False)"
65,734,MET,"(False, False)","(False, False)","(False, False)","(False, False)","(False, False)","(False, False)","(False, False)","(False, False)","(False, False)","(False, False)","(False, False)","(False, False)","(False, False)"
66,735,ALA,"(False, False)","(False, False)","(False, False)","(False, False)","(False, False)","(False, False)","(False, False)","(False, False)","(False, False)","(False, False)","(False, False)","(False, False)","(False, False)"
67,736,VAL,"(False, False)","(False, False)","(False, False)","(False, False)","(False, False)","(False, False)","(False, False)","(False, False)","(False, False)","(False, False)","(False, False)","(False, False)","(False, False)"
68,737,ILE,"(False, False)","(False, False)","(False, False)","(False, False)","(False, False)","(False, False)","(False, False)","(False, False)","(False, False)","(False, False)","(False, False)","(False, False)","(False, False)"
69,738,GLN,"(False, False)","(False, False)","(False, False)","(False, False)","(False, False)","(False, False)","(False, False)","(False, False)","(False, False)","(False, False)","(False, False)","(False, False)","(False, False)"
70,739,TYR,"(False, False)","(False, False)","(False, False)","(False, False)","(False, False)","(False, False)","(False, False)","(False, False)","(False, False)","(False, False)","(False, False)","(False, False)","(False, False)"
71,740,SER,"(False, False)","(False, False)","(False, False)","(False, False)","(False, False)","(False, False)","(False, False)","(False, False)","(False, False)","(False, False)","(False, False)","(False, False)","(False, False)"
72,741,TRP,"(False, False)","(False, False)","(False, False)","(False, False)","(False, False)","(False, False)","(False, False)","(False, False)","(False, False)","(False, False)","(False, False)","(False, False)","(False, False)"
73,742,MET,"(False, False)","(False, False)","(False, False)","(False, False)","(False, False)","(False, False)","(False, False)","(False, False)","(False, False)","(False, False)","(False, False)","(False, False)","(False, False)"
74,743,GLY,"(False, False)","(False, False)","(False, False)","(False, False)","(False, False)","(False, False)","(False, False)","(False, False)","(False, False)","(False, False)","(False, False)","(False, False)","(False, False)"
75,744,LEU,"(False, False)","(False, False)","(False, False)","(False, False)","(False, False)","(False, False)","(False, False)","(False, False)","(False, False)","(False, False)","(False, False)","(False, False)","(False, False)"
76,745,MET,"(False, False)","(False, False)","(False, False)","(False, False)","(False, False)","(False, False)","(False, False)","(False, False)","(False, False)","(False, False)","(False, False)","(False, False)","(False, False)"
77,746,VAL,"(False, False)","(False, False)","(False, False)","(False, False)","(False, False)","(False, False)","(False, False)","(False, False)","(False, False)","(False, False)","(False, False)","(False, False)","(False, False)"
78,747,PHE,"(False, False)","(False, False)","(False, False)","(False, False)","(False, False)","(False, False)","(False, False)","(False, False)","(False, False)","(False, False)","(False, False)","(False, False)","(False, False)"
79,748,ALA,"(False, False)","(False, False)","(False, False)","(False, False)","(False, False)","(False, False)","(False, False)","(False, False)","(False, False)","(False, False)","(False, False)","(False, False)","(False, False)"
80,749,MET,"(False, False)","(False, False)","(False, False)","(False, False)","(False, False)","(False, False)","(False, False)","(False, False)","(False, False)","(False, False)","(False, False)","(False, False)","(False, False)"
81,750,GLY,"(False, False)","(False, False)","(False, False)","(False, False)","(False, False)","(False, False)","(False, False)","(False, False)","(False, False)","(False, False)","(False, False)","(False, False)","(False, False)"
82,751,TRP,"(False, False)","(False, False)","(False, False)","(False, False)","(False, False)","(False, False)","(False, False)","(False, False)","(False, False)","(False, False)","(False, False)","(False, False)","(False, False)"
83,752,ARG,"(False, False)","(False, False)","(False, False)","(False, False)","(False, False)","(False, False)","(False, False)","(False, False)","(False, False)","(False, False)","(False, False)","(False, False)","(False, False)"
84,753,SER,"(False, False)","(False, False)","(False, False)","(False, False)","(False, False)","(False, False)","(False, False)","(False, False)","(False, False)","(False, False)","(False, False)","(False, False)","(False, False)"
85,754,PHE,"(False, False)","(False, False)","(False, False)","(False, False)","(False, False)","(False, False)","(False, False)","(False, False)","(False, False)","(False, False)","(False, False)","(False, False)","(False, False)"
86,755,THR,"(False, False)","(False, False)","(False, False)","(False, False)","(False, False)","(False, False)","(False, False)","(False, False)","(False, False)","(False, False)","(False, False)","(False, False)","(False, False)"
87,756,ASN,"(False, False)","(False, False)","(False, False)","(False, False)","(False, False)","(False, False)","(False, False)","(False, False)","(False, False)","(False, False)","(False, False)","(False, False)","(False, False)"
88,757,VAL,"(False, False)","(False, False)","(False, False)","(False, False)","(False, False)","(True, True)","(False, False)","(False, False)","(False, False)","(False, False)","(False, False)","(False, False)","(False, False)"
89,758,ASN,"(False, False)","(False, False)","(False, False)","(False, False)","(False, False)","(False, False)","(False, False)","(False, False)","(False, False)","(False, False)","(False, False)","(False, False)","(False, False)"
90,759,SER,"(False, False)","(False, False)","(False, False)","(False, False)","(False, False)","(False, False)","(False, False)","(False, False)","(False, False)","(False, False)","(False, False)","(False, False)","(False, False)"
91,760,ARG,"(False, False)","(False, False)","(False, False)","(False, False)","(False, False)","(False, False)","(False, False)","(False, False)","(False, False)","(False, False)","(False, False)","(False, False)","(False, False)"
92,761,MET,"(False, False)","(False, False)","(False, False)","(False, False)","(False, False)","(False, False)","(False, False)","(False, False)","(False, False)","(False, False)","(False, False)","(False, False)","(False, False)"
93,762,LEU,"(False, False)","(False, False)","(False, False)","(False, False)","(False, False)","(False, False)","(False, False)","(False, False)","(False, False)","(False, False)","(False, False)","(False, False)","(False, False)"
94,763,TYR,"(False, False)","(False, False)","(False, False)","(False, False)","(False, False)","(False, False)","(False, False)","(False, False)","(False, False)","(False, False)","(False, False)","(False, False)","(False, False)"
95,764,PHE,"(False, False)","(False, False)","(False, False)","(False, False)","(False, False)","(False, False)","(False, False)","(False, False)","(False, False)","(False, False)","(False, False)","(False, False)","(False, False)"
96,765,ALA,"(False, False)","(False, False)","(False, False)","(False, False)","(False, False)","(False, False)","(False, False)","(False, False)","(False, False)","(False, False)","(False, False)","(False, False)","(False, False)"
97,766,PRO,"(False, False)","(False, False)","(False, False)","(False, False)","(False, False)","(False, False)","(False, False)","(False, False)","(False, False)","(False, False)","(False, False)","(False, False)","(False, False)"
98,767,ASP,"(False, False)","(False, False)","(False, False)","(False, False)","(False, False)","(False, False)","(False, False)","(False, False)","(False, False)","(False, False)","(False, False)","(False, False)","(False, False)"
99,768,LEU,"(False, False)","(False, False)","(False, False)","(False, False)","(False, False)","(False, False)","(False, False)","(False, False)","(False, False)","(False, False)","(False, False)","(False, False)","(False, False)"
100,769,VAL,"(False, False)","(False, False)","(False, False)","(False, False)","(False, False)","(False, False)","(False, False)","(False, False)","(False, False)","(False, False)","(False, False)","(False, False)","(False, False)"
101,770,PHE,"(False, False)","(False, False)","(False, False)","(False, False)","(False, False)","(False, False)","(False, False)","(False, False)","(False, False)","(False, False)","(False, False)","(False, False)","(False, False)"
102,771,ASN,"(False, False)","(False, False)","(False, False)","(False, False)","(False, False)","(False, False)","(False, False)","(False, False)","(False, False)","(False, False)","(False, False)","(False, False)","(False, False)"
103,772,GLU,"(False, False)","(False, False)","(False, False)","(False, False)","(False, False)","(False, False)","(False, False)","(False, False)","(False, False)","(False, False)","(False, False)","(False, False)","(False, False)"
104,773,TYR,"(False, False)","(False, False)","(False, False)","(False, False)","(True, False)","(False, False)","(False, True)","(False, False)","(False, False)","(False, False)","(False, False)","(False, False)","(False, False)"
105,774,ARG,"(False, False)","(False, False)","(False, False)","(False, False)","(False, False)","(False, False)","(False, False)","(False, False)","(False, False)","(False, False)","(False, False)","(False, False)","(False, False)"
106,775,MET,"(False, False)","(False, False)","(False, False)","(False, False)","(False, False)","(False, False)","(False, False)","(False, False)","(False, False)","(False, False)","(False, False)","(False, False)","(False, False)"
107,776,HIS,"(False, False)","(False, False)","(False, False)","(False, False)","(False, False)","(False, False)","(False, False)","(False, False)","(False, False)","(False, False)","(False, False)","(False, False)","(False, False)"
108,777,LYS,"(False, False)","(False, False)","(False, False)","(False, False)","(False, False)","(False, False)","(False, False)","(False, False)","(False, False)","(False, False)","(False, False)","(False, False)","(False, False)"
109,778,SER,"(False, False)","(False, False)","(False, False)","(False, False)","(False, False)","(False, False)","(False, False)","(False, False)","(False, False)","(False, False)","(False, False)","(False, False)","(False, False)"
110,779,ARG,"(False, False)","(False, False)","(False, False)","(False, False)","(False, False)","(False, False)","(False, False)","(False, False)","(False, False)","(False, False)","(False, False)","(False, False)","(False, False)"
111,780,MET,"(False, False)","(False, False)","(False, False)","(False, False)","(False, False)","(False, False)","(False, False)","(False, False)","(False, False)","(False, False)","(False, False)","(False, False)","(False, False)"
112,781,TYR,"(False, False)","(False, False)","(False, False)","(False, False)","(False, False)","(False, False)","(False, False)","(False, False)","(False, False)","(False, False)","(False, False)","(False, False)","(False, False)"
113,782,SER,"(False, False)","(False, False)","(False, False)","(False, False)","(False, False)","(False, False)","(False, False)","(False, False)","(False, False)","(False, False)","(False, False)","(False, False)","(False, False)"
114,783,GLN,"(False, False)","(False, False)","(False, False)","(False, False)","(False, False)","(False, False)","(False, False)","(False, False)","(False, False)","(False, False)","(False, False)","(False, False)","(False, False)"
115,784,CYS,"(False, False)","(False, False)","(False, False)","(False, False)","(False, False)","(False, False)","(False, False)","(False, False)","(False, False)","(False, False)","(False, False)","(False, False)","(False, False)"
116,785,VAL,"(False, False)","(False, False)","(False, False)","(False, False)","(False, False)","(False, False)","(False, False)","(False, False)","(False, False)","(True, False)","(True, False)","(False, False)","(False, False)"
117,786,ARG,"(False, True)","(True, True)","(True, True)","(True, True)","(False, False)","(False, False)","(False, False)","(False, False)","(False, False)","(True, False)","(True, True)","(False, False)","(False, False)"
118,787,MET,"(False, False)","(False, False)","(False, False)","(False, False)","(False, False)","(False, False)","(False, False)","(False, False)","(False, False)","(False, False)","(False, False)","(False, False)","(False, False)"
119,788,ARG,"(False, False)","(False, False)","(False, False)","(False, False)","(False, False)","(False, False)","(False, False)","(False, False)","(False, False)","(False, False)","(False, False)","(False, False)","(False, False)"
120,789,HIS,"(False, False)","(False, False)","(False, False)","(False, False)","(False, False)","(False, False)","(False, False)","(False, False)","(False, False)","(False, False)","(False, False)","(False, False)","(False, False)"
121,790,LEU,"(False, False)","(False, False)","(False, False)","(False, False)","(False, False)","(False, False)","(False, False)","(False, False)","(False, False)","(False, False)","(False, False)","(False, False)","(False, False)"
122,791,SER,"(False, False)","(False, False)","(False, False)","(False, False)","(False, False)","(False, False)","(False, False)","(False, False)","(False, False)","(False, False)","(False, False)","(False, False)","(False, False)"
123,792,GLN,"(False, False)","(False, False)","(False, False)","(False, False)","(False, False)","(False, False)","(False, False)","(False, False)","(False, False)","(False, False)","(False, False)","(False, False)","(False, False)"
124,793,GLU,"(False, False)","(False, False)","(False, False)","(False, False)","(False, False)","(False, False)","(False, False)","(False, False)","(False, False)","(False, False)","(False, False)","(False, False)","(False, False)"
125,794,PHE,"(False, False)","(False, False)","(False, False)","(False, False)","(False, False)","(False, False)","(False, False)","(False, False)","(False, False)","(False, False)","(False, False)","(False, False)","(False, False)"
126,795,GLY,"(False, False)","(False, False)","(False, False)","(False, False)","(False, False)","(False, False)","(False, False)","(False, False)","(False, False)","(False, False)","(False, False)","(False, False)","(False, False)"
127,796,TRP,"(False, False)","(False, False)","(False, False)","(False, False)","(False, False)","(False, False)","(False, False)","(False, True)","(False, False)","(False, False)","(False, False)","(True, False)","(False, False)"
128,797,LEU,"(False, False)","(False, False)","(False, False)","(False, False)","(False, False)","(False, False)","(False, False)","(False, False)","(False, False)","(False, False)","(False, False)","(False, False)","(False, False)"
129,798,GLN,"(False, False)","(False, False)","(False, False)","(False, False)","(False, False)","(False, False)","(False, False)","(False, False)","(False, False)","(False, False)","(False, False)","(False, False)","(False, False)"
130,799,ILE,"(False, False)","(False, False)","(False, False)","(False, False)","(False, False)","(False, False)","(False, False)","(False, False)","(False, False)","(False, False)","(False, False)","(False, False)","(False, False)"
131,800,THR,"(False, False)","(False, False)","(False, False)","(False, False)","(False, False)","(False, False)","(False, False)","(False, False)","(False, False)","(False, False)","(False, False)","(False, False)","(False, False)"
132,801,PRO,"(False, False)","(False, False)","(False, False)","(False, False)","(False, False)","(False, False)","(False, False)","(False, False)","(False, False)","(False, False)","(False, False)","(False, False)","(False, False)"
133,802,GLN,"(False, False)","(False, False)","(False, False)","(False, False)","(False, False)","(False, False)","(False, False)","(False, False)","(False, False)","(False, False)","(False, False)","(False, False)","(False, False)"
134,803,GLU,"(False, False)","(False, False)","(False, False)","(False, False)","(False, False)","(False, False)","(False, False)","(False, False)","(False, False)","(False, False)","(False, False)","(False, False)","(False, False)"
135,804,PHE,"(False, False)","(False, False)","(False, False)","(False, False)","(False, False)","(False, False)","(False, False)","(False, False)","(False, False)","(False, False)","(False, False)","(False, False)","(False, False)"
136,805,LEU,"(False, False)","(False, False)","(False, False)","(False, False)","(False, False)","(False, False)","(False, False)","(False, False)","(False, False)","(False, False)","(False, False)","(False, False)","(False, False)"
137,806,CYS,"(False, False)","(False, False)","(False, False)","(False, False)","(False, False)","(False, False)","(False, False)","(False, False)","(False, False)","(False, False)","(False, False)","(False, False)","(False, False)"
138,807,MET,"(False, False)","(False, False)","(False, False)","(False, False)","(False, False)","(False, False)","(False, False)","(False, False)","(False, False)","(False, False)","(True, False)","(False, False)","(False, False)"
139,808,LYS,"(False, False)","(False, False)","(False, False)","(False, False)","(False, False)","(False, False)","(False, False)","(False, False)","(False, False)","(False, False)","(False, False)","(False, False)","(False, False)"
140,809,ALA,"(False, False)","(False, False)","(False, False)","(False, False)","(False, False)","(False, False)","(False, False)","(False, False)","(False, False)","(False, False)","(False, False)","(False, False)","(False, False)"
141,810,LEU,"(False, False)","(False, False)","(False, False)","(False, False)","(False, False)","(False, False)","(False, False)","(False, False)","(False, False)","(False, False)","(False, False)","(False, False)","(False, False)"
142,811,LEU,"(True, True)","(True, True)","(True, True)","(True, True)","(False, False)","(False, False)","(False, False)","(False, False)","(False, False)","(True, True)","(True, True)","(False, False)","(False, False)"
143,812,LEU,"(False, False)","(False, False)","(False, False)","(False, False)","(False, False)","(False, False)","(False, False)","(False, False)","(False, False)","(False, False)","(False, False)","(False, False)","(False, False)"
144,813,PHE,"(False, False)","(False, False)","(False, False)","(False, False)","(False, False)","(False, False)","(False, False)","(False, False)","(False, False)","(False, False)","(False, False)","(False, False)","(False, False)"
145,814,SER,"(False, False)","(False, False)","(False, False)","(False, False)","(False, False)","(False, False)","(False, False)","(False, False)","(False, False)","(False, False)","(False, False)","(False, False)","(False, False)"
146,815,ILE,"(False, False)","(False, False)","(False, False)","(False, False)","(False, False)","(False, False)","(False, False)","(False, False)","(False, False)","(False, False)","(False, False)","(False, False)","(False, False)"
147,816,ILE,"(False, False)","(False, False)","(False, False)","(False, False)","(False, False)","(False, False)","(False, False)","(False, False)","(False, False)","(False, False)","(False, False)","(False, False)","(False, False)"
148,817,PRO,"(False, False)","(False, False)","(False, False)","(False, False)","(False, False)","(False, False)","(False, False)","(False, False)","(False, False)","(False, False)","(False, False)","(False, False)","(False, False)"
149,818,VAL,"(True, False)","(True, True)","(True, True)","(True, True)","(False, False)","(False, False)","(False, False)","(False, False)","(False, False)","(False, True)","(True, True)","(False, False)","(False, False)"
150,819,ASP,"(False, False)","(False, False)","(False, False)","(False, False)","(False, False)","(False, False)","(False, False)","(False, False)","(False, False)","(False, True)","(False, True)","(False, False)","(False, False)"
151,820,GLY,"(False, False)","(False, False)","(False, False)","(False, False)","(False, False)","(False, False)","(False, False)","(False, False)","(False, False)","(False, False)","(False, False)","(False, False)","(False, False)"
152,821,LEU,"(False, False)","(False, False)","(False, False)","(False, False)","(False, False)","(False, False)","(False, False)","(False, False)","(False, False)","(False, False)","(False, False)","(False, False)","(False, False)"
153,822,LYS,"(False, False)","(False, False)","(False, False)","(False, False)","(False, False)","(False, False)","(False, False)","(False, False)","(False, False)","(False, False)","(False, False)","(False, False)","(False, False)"
154,823,ASN,"(False, False)","(False, False)","(False, False)","(False, False)","(False, False)","(False, False)","(False, False)","(False, False)","(True, True)","(False, False)","(False, False)","(False, False)","(False, False)"
155,824,GLN,"(False, False)","(False, False)","(False, False)","(False, False)","(False, False)","(False, False)","(False, False)","(False, False)","(True, False)","(False, False)","(False, False)","(False, False)","(False, False)"
156,825,LYS,"(False, False)","(False, False)","(False, False)","(False, False)","(False, False)","(False, False)","(False, False)","(False, False)","(True, True)","(False, False)","(False, False)","(False, False)","(False, False)"
157,826,PHE,"(False, False)","(False, False)","(False, False)","(False, False)","(False, False)","(False, False)","(False, False)","(False, False)","(True, True)","(False, False)","(False, False)","(False, False)","(False, False)"
158,827,PHE,"(False, False)","(False, False)","(False, False)","(False, False)","(False, False)","(False, False)","(False, False)","(False, False)","(False, False)","(False, False)","(False, False)","(False, False)","(False, False)"
159,828,ASP,"(False, False)","(False, False)","(False, False)","(False, False)","(False, False)","(False, False)","(False, False)","(False, False)","(False, False)","(False, False)","(False, False)","(False, False)","(False, False)"
160,829,GLU,"(False, False)","(False, False)","(False, False)","(False, False)","(False, False)","(False, False)","(False, False)","(False, False)","(True, True)","(False, False)","(False, False)","(False, False)","(False, False)"
161,830,LEU,"(False, False)","(False, False)","(False, False)","(False, False)","(False, False)","(False, False)","(False, False)","(False, False)","(False, False)","(False, False)","(False, False)","(False, False)","(False, False)"
162,831,ARG,"(False, False)","(False, False)","(False, False)","(False, False)","(False, False)","(False, False)","(False, False)","(False, False)","(False, False)","(False, False)","(False, False)","(False, False)","(False, False)"
163,832,MET,"(False, False)","(False, False)","(False, False)","(False, False)","(False, False)","(False, False)","(False, False)","(False, False)","(False, False)","(False, False)","(False, False)","(False, False)","(True, True)"
164,833,ASN,"(False, False)","(False, False)","(False, False)","(False, False)","(False, False)","(False, False)","(False, False)","(False, False)","(False, False)","(False, False)","(False, False)","(False, False)","(True, True)"
165,834,TYR,"(False, False)","(False, False)","(False, False)","(False, False)","(False, False)","(False, False)","(False, False)","(False, False)","(False, False)","(False, False)","(False, False)","(False, False)","(False, False)"
166,835,ILE,"(True, True)","(True, True)","(True, True)","(True, True)","(False, False)","(False, False)","(False, False)","(False, False)","(False, False)","(True, True)","(True, True)","(False, False)","(True, True)"
167,836,LYS,"(True, True)","(True, True)","(True, True)","(True, True)","(False, False)","(False, False)","(False, False)","(False, False)","(False, False)","(False, True)","(True, True)","(False, False)","(True, True)"
168,837,GLU,"(False, False)","(False, False)","(False, False)","(False, False)","(False, False)","(False, False)","(False, False)","(False, False)","(False, False)","(False, False)","(False, False)","(False, False)","(False, False)"
169,838,LEU,"(False, False)","(False, False)","(False, False)","(False, False)","(False, False)","(False, False)","(False, False)","(False, False)","(False, False)","(False, False)","(False, False)","(False, False)","(False, False)"
170,839,ASP,"(True, True)","(True, True)","(True, True)","(True, True)","(False, False)","(False, False)","(False, False)","(False, False)","(False, False)","(False, False)","(True, True)","(False, False)","(True, True)"
171,840,ARG,"(False, False)","(False, False)","(False, False)","(False, False)","(False, False)","(False, False)","(False, False)","(False, False)","(False, False)","(False, False)","(False, False)","(False, False)","(False, False)"
172,841,ILE,"(False, False)","(False, False)","(False, False)","(False, False)","(False, False)","(False, False)","(False, False)","(False, False)","(False, False)","(False, False)","(False, False)","(False, False)","(False, False)"
173,842,ILE,"(False, False)","(False, False)","(False, False)","(False, False)","(False, False)","(False, False)","(False, False)","(False, False)","(False, False)","(False, False)","(False, False)","(False, False)","(False, False)"
174,843,ALA,"(False, False)","(False, False)","(False, False)","(False, False)","(False, False)","(False, False)","(False, False)","(False, False)","(False, False)","(False, False)","(False, False)","(False, False)","(False, False)"
175,844,CYS,"(False, False)","(False, False)","(False, False)","(False, False)","(False, False)","(False, False)","(False, False)","(False, False)","(False, False)","(False, False)","(False, False)","(False, False)","(False, False)"
176,845,LYS,"(False, False)","(False, False)","(False, False)","(False, False)","(False, False)","(False, False)","(False, False)","(False, False)","(False, False)","(False, False)","(False, False)","(False, False)","(False, False)"
177,846,ARG,"(False, False)","(False, False)","(False, False)","(False, False)","(False, False)","(True, True)","(False, False)","(False, False)","(False, False)","(False, False)","(False, False)","(False, False)","(False, False)"
178,847,LYS,"(False, False)","(False, False)","(False, False)","(False, False)","(False, False)","(True, True)","(False, False)","(False, False)","(False, False)","(False, False)","(False, False)","(False, False)","(False, False)"
179,848,ASN,"(False, False)","(False, False)","(False, False)","(False, False)","(False, False)","(False, False)","(False, False)","(False, False)","(False, False)","(False, False)","(False, False)","(False, False)","(False, False)"
180,849,PRO,"(False, False)","(False, False)","(False, False)","(False, False)","(False, False)","(False, False)","(False, False)","(False, False)","(False, False)","(False, False)","(False, False)","(False, False)","(False, False)"
181,850,THR,"(False, False)","(False, False)","(False, False)","(False, False)","(False, False)","(False, False)","(False, False)","(False, False)","(False, False)","(False, False)","(False, False)","(False, False)","(True, True)"
182,851,SER,"(False, False)","(False, False)","(False, False)","(False, False)","(False, False)","(False, False)","(False, False)","(False, False)","(False, False)","(False, False)","(False, False)","(False, False)","(False, False)"
183,852,CYS,"(False, False)","(False, False)","(False, False)","(False, False)","(False, False)","(False, False)","(False, False)","(False, False)","(False, False)","(False, False)","(False, False)","(False, False)","(False, False)"
184,853,SER,"(True, True)","(True, True)","(True, True)","(True, True)","(False, False)","(False, False)","(False, False)","(False, False)","(False, False)","(True, False)","(True, True)","(False, False)","(True, True)"
185,854,ARG,"(True, True)","(True, True)","(True, True)","(True, True)","(False, False)","(False, False)","(False, False)","(False, False)","(False, False)","(True, False)","(True, True)","(False, False)","(True, True)"
186,855,ARG,"(False, False)","(False, False)","(False, False)","(False, False)","(False, False)","(False, False)","(False, False)","(False, False)","(False, False)","(False, False)","(False, False)","(False, False)","(False, False)"
187,856,PHE,"(False, False)","(False, False)","(False, False)","(False, False)","(False, False)","(False, False)","(False, False)","(False, False)","(False, False)","(False, False)","(False, False)","(False, False)","(False, False)"
188,857,TYR,"(True, True)","(True, True)","(True, True)","(True, True)","(False, False)","(False, False)","(False, False)","(False, False)","(False, False)","(True, True)","(True, True)","(False, False)","(True, True)"
189,858,GLN,"(False, False)","(False, False)","(False, False)","(False, False)","(False, False)","(False, False)","(False, False)","(False, False)","(False, False)","(False, False)","(False, False)","(False, False)","(False, False)"
190,859,LEU,"(False, False)","(False, False)","(False, False)","(False, False)","(False, False)","(False, False)","(False, False)","(False, False)","(False, False)","(False, False)","(False, False)","(False, False)","(False, False)"
191,860,THR,"(True, True)","(True, True)","(True, True)","(True, True)","(False, False)","(False, False)","(False, False)","(False, False)","(False, False)","(True, True)","(True, True)","(False, False)","(True, True)"
192,861,LYS,"(True, True)","(True, True)","(True, True)","(True, True)","(False, False)","(False, False)","(False, False)","(False, False)","(False, False)","(True, True)","(True, True)","(False, False)","(True, True)"
193,862,LEU,"(False, False)","(False, False)","(False, False)","(False, False)","(False, False)","(False, False)","(False, False)","(False, False)","(False, False)","(False, False)","(False, False)","(False, False)","(True, True)"
194,863,LEU,"(True, True)","(True, True)","(True, True)","(True, True)","(False, False)","(False, False)","(False, False)","(False, False)","(False, False)","(True, True)","(True, True)","(False, False)","(True, True)"
195,864,ASP,"(True, True)","(True, True)","(True, True)","(True, True)","(False, False)","(False, False)","(False, False)","(False, False)","(False, False)","(True, True)","(True, True)","(False, False)","(True, True)"
196,865,SER,"(True, True)","(True, True)","(True, True)","(True, True)","(False, False)","(False, False)","(False, False)","(False, False)","(False, False)","(True, True)","(True, True)","(False, False)","(True, True)"
197,866,VAL,"(True, True)","(True, True)","(True, True)","(True, True)","(False, False)","(False, False)","(False, False)","(False, False)","(False, False)","(True, True)","(True, True)","(False, False)","(True, True)"
198,867,GLN,"(False, True)","(False, False)","(False, False)","(False, True)","(False, False)","(False, False)","(False, False)","(False, False)","(False, False)","(True, False)","(True, True)","(False, False)","(False, True)"
199,868,PRO,"(True, True)","(True, True)","(True, True)","(True, True)","(False, False)","(False, False)","(False, False)","(False, False)","(False, False)","(True, True)","(True, True)","(False, False)","(False, False)"
200,869,ILE,"(False, False)","(False, False)","(False, False)","(False, False)","(False, False)","(False, False)","(False, False)","(False, False)","(False, False)","(False, False)","(False, False)","(False, False)","(False, False)"
201,870,ALA,"(False, False)","(False, False)","(False, False)","(False, False)","(False, False)","(False, False)","(False, False)","(False, False)","(False, False)","(False, False)","(False, False)","(False, False)","(False, False)"
202,871,ARG,"(False, False)","(False, False)","(False, False)","(False, False)","(False, False)","(False, False)","(False, False)","(False, False)","(False, False)","(True, True)","(True, True)","(False, False)","(False, False)"
203,872,GLU,"(True, True)","(True, True)","(True, True)","(True, True)","(False, False)","(False, False)","(False, False)","(False, False)","(False, False)","(True, True)","(True, True)","(False, False)","(False, False)"
204,873,LEU,"(False, False)","(False, False)","(False, False)","(False, False)","(False, False)","(False, False)","(False, False)","(False, False)","(False, False)","(False, False)","(False, False)","(False, False)","(False, False)"
205,874,HIS,"(False, False)","(False, False)","(False, False)","(False, False)","(False, False)","(False, False)","(False, False)","(False, False)","(False, False)","(False, False)","(False, False)","(False, False)","(False, False)"
206,875,GLN,"(False, False)","(False, False)","(False, False)","(False, False)","(False, False)","(False, False)","(False, False)","(False, False)","(False, False)","(True, False)","(True, True)","(False, False)","(False, False)"
207,876,PHE,"(False, False)","(False, False)","(False, False)","(False, False)","(False, False)","(False, False)","(False, False)","(False, False)","(False, False)","(False, False)","(False, False)","(False, False)","(False, False)"
208,877,THR,"(False, False)","(False, False)","(False, False)","(False, False)","(False, False)","(False, False)","(False, False)","(False, False)","(False, False)","(False, False)","(False, False)","(False, False)","(False, False)"
209,878,PHE,"(False, False)","(False, False)","(False, False)","(False, False)","(False, False)","(False, False)","(False, False)","(False, False)","(False, False)","(False, False)","(False, False)","(False, False)","(False, False)"
210,879,ASP,"(False, False)","(False, False)","(False, False)","(False, False)","(False, False)","(False, False)","(False, False)","(False, False)","(False, False)","(False, False)","(False, False)","(False, False)","(False, False)"
211,880,LEU,"(False, False)","(False, False)","(False, False)","(False, False)","(False, False)","(False, False)","(False, False)","(False, False)","(False, False)","(False, False)","(False, False)","(False, False)","(False, False)"
212,881,LEU,"(False, False)","(False, False)","(False, False)","(False, False)","(False, False)","(False, False)","(False, False)","(False, False)","(False, False)","(False, False)","(False, False)","(False, False)","(False, False)"
213,882,ILE,"(False, False)","(False, False)","(False, False)","(False, False)","(False, False)","(False, False)","(False, False)","(False, False)","(False, False)","(False, False)","(False, False)","(False, False)","(False, False)"
214,883,LYS,"(False, False)","(False, False)","(False, False)","(False, False)","(False, False)","(False, False)","(False, False)","(False, False)","(False, False)","(False, False)","(False, False)","(False, False)","(False, False)"
215,884,SER,"(False, False)","(False, False)","(False, False)","(False, False)","(False, False)","(False, False)","(False, False)","(False, False)","(False, False)","(False, False)","(False, False)","(False, False)","(False, False)"
216,885,HIS,"(False, False)","(False, False)","(False, False)","(False, False)","(False, False)","(False, False)","(False, False)","(False, False)","(False, False)","(False, False)","(False, False)","(False, False)","(False, False)"
217,886,MET,"(False, False)","(False, False)","(False, False)","(False, False)","(False, False)","(False, False)","(False, False)","(False, False)","(False, False)","(False, False)","(False, False)","(False, False)","(False, False)"
218,887,VAL,"(False, False)","(False, False)","(False, False)","(False, False)","(False, False)","(False, False)","(False, False)","(False, False)","(False, False)","(False, False)","(False, False)","(False, False)","(False, False)"
219,888,SER,"(False, False)","(False, False)","(False, False)","(False, False)","(False, False)","(False, False)","(False, False)","(False, False)","(False, False)","(False, False)","(False, False)","(False, False)","(False, False)"
220,889,VAL,"(False, False)","(False, False)","(False, False)","(False, False)","(False, False)","(False, False)","(False, False)","(False, False)","(False, False)","(False, False)","(False, False)","(False, False)","(False, False)"
221,890,ASP,"(False, False)","(False, False)","(False, False)","(False, False)","(False, False)","(False, False)","(False, False)","(False, False)","(False, False)","(False, False)","(False, False)","(False, False)","(False, False)"
222,891,PHE,"(False, False)","(False, False)","(False, False)","(False, False)","(False, False)","(False, False)","(False, False)","(False, False)","(False, False)","(False, False)","(False, False)","(False, False)","(False, False)"
223,892,PRO,"(False, False)","(False, False)","(False, False)","(False, False)","(False, False)","(False, False)","(False, False)","(False, False)","(False, False)","(False, False)","(False, False)","(False, False)","(False, False)"
224,893,GLU,"(False, False)","(False, False)","(False, False)","(False, False)","(False, False)","(False, False)","(False, False)","(False, False)","(False, False)","(False, False)","(False, False)","(False, False)","(False, False)"
225,894,MET,"(False, False)","(False, False)","(False, False)","(False, False)","(False, False)","(False, False)","(False, False)","(False, False)","(False, False)","(False, False)","(False, False)","(False, False)","(False, False)"
226,895,MET,"(False, False)","(False, False)","(False, False)","(False, False)","(False, False)","(False, False)","(False, False)","(False, False)","(False, False)","(False, False)","(False, False)","(False, False)","(False, False)"
227,896,ALA,"(False, False)","(False, False)","(False, False)","(False, False)","(False, False)","(False, False)","(False, False)","(False, False)","(False, False)","(False, False)","(False, False)","(False, False)","(False, False)"
228,897,GLU,"(False, False)","(False, False)","(False, False)","(False, False)","(False, False)","(False, False)","(False, False)","(False, False)","(False, False)","(False, False)","(False, False)","(False, False)","(False, False)"
229,898,ILE,"(False, False)","(False, False)","(False, False)","(False, False)","(False, False)","(False, False)","(False, False)","(False, False)","(False, False)","(False, False)","(False, False)","(False, False)","(False, False)"
230,899,ILE,"(False, False)","(False, False)","(False, False)","(False, False)","(False, False)","(False, False)","(False, False)","(False, False)","(False, False)","(False, False)","(False, False)","(False, False)","(False, False)"
231,900,SER,"(False, False)","(False, False)","(False, False)","(False, False)","(False, False)","(False, False)","(False, False)","(False, False)","(False, False)","(False, False)","(False, False)","(False, False)","(False, False)"
232,901,VAL,"(False, False)","(False, False)","(False, False)","(False, False)","(False, False)","(False, False)","(False, False)","(False, False)","(False, False)","(False, False)","(False, False)","(False, False)","(False, False)"
233,902,GLN,"(False, False)","(False, False)","(False, False)","(False, False)","(False, False)","(False, False)","(False, False)","(False, False)","(False, False)","(False, False)","(False, False)","(False, False)","(False, False)"
234,903,VAL,"(False, False)","(False, False)","(False, False)","(False, False)","(False, False)","(False, False)","(False, False)","(False, False)","(False, False)","(False, False)","(False, False)","(False, False)","(False, False)"
235,904,PRO,"(False, False)","(False, False)","(False, False)","(False, False)","(False, False)","(False, False)","(False, False)","(False, False)","(False, False)","(False, False)","(False, False)","(False, False)","(False, False)"
236,905,LYS,"(False, False)","(False, False)","(False, False)","(False, False)","(False, False)","(False, False)","(False, False)","(False, False)","(False, False)","(False, False)","(False, False)","(False, False)","(False, False)"
237,906,ILE,"(False, False)","(False, False)","(False, False)","(False, False)","(False, False)","(False, False)","(False, False)","(False, False)","(False, False)","(False, False)","(False, False)","(False, False)","(False, False)"
238,907,LEU,"(False, False)","(False, False)","(False, False)","(False, False)","(False, False)","(False, False)","(False, False)","(False, False)","(False, False)","(False, False)","(False, False)","(False, False)","(False, False)"
239,908,SER,"(False, False)","(False, False)","(False, False)","(False, False)","(False, False)","(False, False)","(False, False)","(False, False)","(False, False)","(False, True)","(True, True)","(False, False)","(False, False)"
240,909,GLY,"(True, True)","(True, True)","(True, True)","(True, True)","(False, False)","(False, False)","(False, False)","(False, False)","(False, False)","(True, True)","(True, True)","(False, False)","(False, False)"
241,910,LYS,"(False, False)","(False, False)","(False, False)","(False, False)","(False, False)","(False, False)","(False, False)","(False, False)","(False, False)","(False, False)","(False, False)","(False, False)","(False, False)"
242,911,VAL,"(False, False)","(False, False)","(False, False)","(False, False)","(False, False)","(False, False)","(False, False)","(False, False)","(False, False)","(False, False)","(False, False)","(False, False)","(False, False)"
243,912,LYS,"(True, True)","(True, True)","(True, True)","(True, True)","(False, False)","(False, False)","(False, False)","(False, False)","(False, False)","(True, True)","(True, True)","(False, False)","(False, False)"
244,913,PRO,"(True, True)","(True, True)","(True, True)","(True, True)","(False, False)","(False, False)","(False, False)","(False, False)","(False, False)","(True, True)","(True, True)","(False, False)","(False, False)"
245,914,ILE,"(True, True)","(True, True)","(True, True)","(True, True)","(False, False)","(False, False)","(False, False)","(False, False)","(False, False)","(True, True)","(True, True)","(False, False)","(True, True)"
246,915,TYR,"(True, True)","(True, True)","(True, True)","(True, True)","(False, False)","(False, False)","(False, False)","(False, False)","(False, False)","(True, True)","(True, True)","(False, False)","(True, True)"
247,916,PHE,"(True, True)","(True, True)","(True, True)","(True, True)","(False, False)","(False, False)","(False, False)","(False, False)","(False, False)","(True, True)","(True, True)","(False, False)","(True, True)"
248,917,HIS,"(True, True)","(True, True)","(True, True)","(True, True)","(False, False)","(False, False)","(False, False)","(False, False)","(False, False)","(True, True)","(True, True)","(False, False)","(True, True)"
249,918,THR,"(True, True)","(True, True)","(True, True)","(True, True)","(False, False)","(False, False)","(False, False)","(False, False)","(False, False)","(True, True)","(True, True)","(False, False)","(True, True)"
