1M2Z_AD,1P93_AB,1,2,0.0
1M2Z_AD,1P93_AC,1,3,0.7647058823529411
1M2Z_AD,1P93_AD,1,4,0.0
1M2Z_AD,1P93_CD,1,5,0.0
1M2Z_AD,1XLS_EG,1,6,0.0
1M2Z_AD,2V0V_AB,1,7,0.0
1M2Z_AD,2V0V_AC,1,8,0.15384615384615385
1M2Z_AD,2V0V_AD,1,9,0.0
1M2Z_AD,2V0V_BC,1,10,0.0
1M2Z_AD,3CLD_AB,1,11,0.0
1M2Z_AD,3E7C_AB,1,12,0.0
1M2Z_AD,3GN8_AB,1,13,0.0
1M2Z_AD,3H52_AC,1,14,0.11428571428571428
1M2Z_AD,3H52_AD,1,15,0.0
1M2Z_AD,3H52_CD,1,16,0.0
1M2Z_AD,3K22_AB,1,17,0.0
1M2Z_AD,3K23_BC,1,18,0.0
1M2Z_AD,3OKI_AC,1,19,0.0
1M2Z_AD,3OLF_AC,1,20,0.0
1M2Z_AD,3OMK_AC,1,21,0.0
1M2Z_AD,3OMM_AC,1,22,0.0
1M2Z_AD,3OOF_AC,1,23,0.0
1M2Z_AD,3OOK_AC,1,24,0.0
1M2Z_AD,4MDD_AB,1,25,0.0
1M2Z_AD,4OIV_AB,1,26,0.058823529411764705
1M2Z_AD,4P6X_AE,1,27,0.0
1M2Z_AD,4P6X_AG,1,28,0.0
1M2Z_AD,4P6X_CE,1,29,0.0
1M2Z_AD,4P6X_CG,1,30,0.0
1M2Z_AD,4P6X_CI,1,31,0.0
1M2Z_AD,4P6X_GI,1,32,0.1111111111111111
1M2Z_AD,4P6X_GK,1,33,0.0
1M2Z_AD,4WVD_AB,1,34,0.0
1M2Z_AD,5IAW_AB,1,35,0.0
1M2Z_AD,5ICK_AB,1,36,0.0
1M2Z_AD,5Q0J_AC,1,37,0.0
1M2Z_AD,5Q0L_AC,1,38,0.0
1M2Z_AD,5Q0N_AC,1,39,0.0
1M2Z_AD,5Q0O_AC,1,40,0.0
1M2Z_AD,5Q0P_AC,1,41,0.0
1M2Z_AD,5Q0Q_AC,1,42,0.0
1M2Z_AD,5Q0S_AC,1,43,0.0
1M2Z_AD,5Q0U_AC,1,44,0.0
1M2Z_AD,5Q0V_AC,1,45,0.0
1M2Z_AD,5Q0Y_AC,1,46,0.0
1M2Z_AD,5Q0Z_AC,1,47,0.0
1M2Z_AD,5Q13_AC,1,48,0.0
1M2Z_AD,5Q14_AC,1,49,0.0
1M2Z_AD,5Q15_AC,1,50,0.0
1M2Z_AD,5Q16_AC,1,51,0.0
1M2Z_AD,5Q18_AC,1,52,0.0
1M2Z_AD,5Q19_AC,1,53,0.0
1M2Z_AD,5Q1A_AC,1,54,0.0
1M2Z_AD,5Q1B_AC,1,55,0.0
1M2Z_AD,5Q1C_AC,1,56,0.0
1M2Z_AD,5Q1D_AC,1,57,0.0
1M2Z_AD,5Q1F_AC,1,58,0.0
1M2Z_AD,5Q1H_AC,1,59,0.0
1M2Z_AD,5Q1H_AG,1,60,0.0
1M2Z_AD,5Q1H_CE,1,61,0.0
1M2Z_AD,5Q1H_EG,1,62,0.0
1M2Z_AD,5UC3_AB,1,63,0.0
1M2Z_AD,5UFS_AB,1,64,0.18181818181818182
1M2Z_AD,5Y49_AB,1,65,0.0
1M2Z_AD,5YXJ_AB,1,66,0.15789473684210525
1M2Z_AD,5YXL_AC,1,67,0.0
1M2Z_AD,6A5W_AC,1,68,0.0
1M2Z_AD,6DXK_AB,1,69,0.05
1M2Z_AD,6ITM_AC,1,70,0.0
1M2Z_AD,6WMQ_AB,1,71,0.0
1M2Z_AD,7TRB_AB,1,72,0.0
1M2Z_AD,7YXD_AD,1,73,0.0
1M2Z_AD,7YXD_DH,1,74,0.0
1M2Z_AD,7YXD_HL,1,75,0.0
1M2Z_AD,7YXO_AC,1,76,0.0
1M2Z_AD,7YXO_CE,1,77,0.0
1M2Z_AD,8BFF_BC,1,78,0.0
1M2Z_AD,8HUK_AC,1,79,0.0
1P93_AB,1P93_AC,2,3,0.0
1P93_AB,1P93_AD,2,4,0.0
1P93_AB,1P93_CD,2,5,0.2631578947368421
1P93_AB,1XLS_EG,2,6,0.0
1P93_AB,2V0V_AB,2,7,0.1794871794871795
1P93_AB,2V0V_AC,2,8,0.03125
1P93_AB,2V0V_AD,2,9,0.1276595744680851
1P93_AB,2V0V_BC,2,10,0.0
1P93_AB,3CLD_AB,2,11,0.68
1P93_AB,3E7C_AB,2,12,0.7083333333333334
1P93_AB,3GN8_AB,2,13,0.0
1P93_AB,3H52_AC,2,14,0.16666666666666666
1P93_AB,3H52_AD,2,15,0.0
1P93_AB,3H52_CD,2,16,0.038461538461538464
1P93_AB,3K22_AB,2,17,0.68
1P93_AB,3K23_BC,2,18,0.06666666666666667
1P93_AB,3OKI_AC,2,19,0.0
1P93_AB,3OLF_AC,2,20,0.0
1P93_AB,3OMK_AC,2,21,0.0
1P93_AB,3OMM_AC,2,22,0.0
1P93_AB,3OOF_AC,2,23,0.0
1P93_AB,3OOK_AC,2,24,0.0
1P93_AB,4MDD_AB,2,25,0.0
1P93_AB,4OIV_AB,2,26,0.0
1P93_AB,4P6X_AE,2,27,0.0
1P93_AB,4P6X_AG,2,28,0.0
1P93_AB,4P6X_CE,2,29,0.0
1P93_AB,4P6X_CG,2,30,0.5862068965517241
1P93_AB,4P6X_CI,2,31,0.0
1P93_AB,4P6X_GI,2,32,0.0
1P93_AB,4P6X_GK,2,33,0.0
1P93_AB,4WVD_AB,2,34,0.2619047619047619
1P93_AB,5IAW_AB,2,35,0.0
1P93_AB,5ICK_AB,2,36,0.0
1P93_AB,5Q0J_AC,2,37,0.0
1P93_AB,5Q0L_AC,2,38,0.0
1P93_AB,5Q0N_AC,2,39,0.0
1P93_AB,5Q0O_AC,2,40,0.0
1P93_AB,5Q0P_AC,2,41,0.0
1P93_AB,5Q0Q_AC,2,42,0.0
1P93_AB,5Q0S_AC,2,43,0.0
1P93_AB,5Q0U_AC,2,44,0.0
1P93_AB,5Q0V_AC,2,45,0.0
1P93_AB,5Q0Y_AC,2,46,0.0
1P93_AB,5Q0Z_AC,2,47,0.0
1P93_AB,5Q13_AC,2,48,0.0
1P93_AB,5Q14_AC,2,49,0.0
1P93_AB,5Q15_AC,2,50,0.0
1P93_AB,5Q16_AC,2,51,0.0
1P93_AB,5Q18_AC,2,52,0.0
1P93_AB,5Q19_AC,2,53,0.0
1P93_AB,5Q1A_AC,2,54,0.0
1P93_AB,5Q1B_AC,2,55,0.0
1P93_AB,5Q1C_AC,2,56,0.0
1P93_AB,5Q1D_AC,2,57,0.0
1P93_AB,5Q1F_AC,2,58,0.0
1P93_AB,5Q1H_AC,2,59,0.0
1P93_AB,5Q1H_AG,2,60,0.0
1P93_AB,5Q1H_CE,2,61,0.0
1P93_AB,5Q1H_EG,2,62,0.0
1P93_AB,5UC3_AB,2,63,0.6666666666666666
1P93_AB,5UFS_AB,2,64,0.0
1P93_AB,5Y49_AB,2,65,0.09523809523809523
1P93_AB,5YXJ_AB,2,66,0.0
1P93_AB,5YXL_AC,2,67,0.0
1P93_AB,6A5W_AC,2,68,0.0
1P93_AB,6DXK_AB,2,69,0.0
1P93_AB,6ITM_AC,2,70,0.0
1P93_AB,6WMQ_AB,2,71,0.0
1P93_AB,7TRB_AB,2,72,0.0
1P93_AB,7YXD_AD,2,73,0.0
1P93_AB,7YXD_DH,2,74,0.18181818181818182
1P93_AB,7YXD_HL,2,75,0.0
1P93_AB,7YXO_AC,2,76,0.0
1P93_AB,7YXO_CE,2,77,0.0
1P93_AB,8BFF_BC,2,78,0.05263157894736842
1P93_AB,8HUK_AC,2,79,0.16666666666666666
1P93_AC,1P93_AD,3,4,0.0
1P93_AC,1P93_CD,3,5,0.0
1P93_AC,1XLS_EG,3,6,0.0
1P93_AC,2V0V_AB,3,7,0.0
1P93_AC,2V0V_AC,3,8,0.16666666666666666
1P93_AC,2V0V_AD,3,9,0.0
1P93_AC,2V0V_BC,3,10,0.0
1P93_AC,3CLD_AB,3,11,0.0
1P93_AC,3E7C_AB,3,12,0.0
1P93_AC,3GN8_AB,3,13,0.0
1P93_AC,3H52_AC,3,14,0.08823529411764706
1P93_AC,3H52_AD,3,15,0.0
1P93_AC,3H52_CD,3,16,0.0
1P93_AC,3K22_AB,3,17,0.0
1P93_AC,3K23_BC,3,18,0.0
1P93_AC,3OKI_AC,3,19,0.0
1P93_AC,3OLF_AC,3,20,0.0
1P93_AC,3OMK_AC,3,21,0.0
1P93_AC,3OMM_AC,3,22,0.0
1P93_AC,3OOF_AC,3,23,0.0
1P93_AC,3OOK_AC,3,24,0.0
1P93_AC,4MDD_AB,3,25,0.0
1P93_AC,4OIV_AB,3,26,0.06060606060606061
1P93_AC,4P6X_AE,3,27,0.0
1P93_AC,4P6X_AG,3,28,0.0
1P93_AC,4P6X_CE,3,29,0.0
1P93_AC,4P6X_CG,3,30,0.0
1P93_AC,4P6X_CI,3,31,0.0
1P93_AC,4P6X_GI,3,32,0.0
1P93_AC,4P6X_GK,3,33,0.0
1P93_AC,4WVD_AB,3,34,0.0
1P93_AC,5IAW_AB,3,35,0.0
1P93_AC,5ICK_AB,3,36,0.0
1P93_AC,5Q0J_AC,3,37,0.0
1P93_AC,5Q0L_AC,3,38,0.0
1P93_AC,5Q0N_AC,3,39,0.0
1P93_AC,5Q0O_AC,3,40,0.0
1P93_AC,5Q0P_AC,3,41,0.0
1P93_AC,5Q0Q_AC,3,42,0.0
1P93_AC,5Q0S_AC,3,43,0.0
1P93_AC,5Q0U_AC,3,44,0.0
1P93_AC,5Q0V_AC,3,45,0.0
1P93_AC,5Q0Y_AC,3,46,0.0
1P93_AC,5Q0Z_AC,3,47,0.0
1P93_AC,5Q13_AC,3,48,0.0
1P93_AC,5Q14_AC,3,49,0.0
1P93_AC,5Q15_AC,3,50,0.0
1P93_AC,5Q16_AC,3,51,0.0
1P93_AC,5Q18_AC,3,52,0.0
1P93_AC,5Q19_AC,3,53,0.0
1P93_AC,5Q1A_AC,3,54,0.0
1P93_AC,5Q1B_AC,3,55,0.0
1P93_AC,5Q1C_AC,3,56,0.0
1P93_AC,5Q1D_AC,3,57,0.0
1P93_AC,5Q1F_AC,3,58,0.0
1P93_AC,5Q1H_AC,3,59,0.0
1P93_AC,5Q1H_AG,3,60,0.0
1P93_AC,5Q1H_CE,3,61,0.0
1P93_AC,5Q1H_EG,3,62,0.0
1P93_AC,5UC3_AB,3,63,0.0
1P93_AC,5UFS_AB,3,64,0.2
1P93_AC,5Y49_AB,3,65,0.0
1P93_AC,5YXJ_AB,3,66,0.17647058823529413
1P93_AC,5YXL_AC,3,67,0.0
1P93_AC,6A5W_AC,3,68,0.0
1P93_AC,6DXK_AB,3,69,0.11764705882352941
1P93_AC,6ITM_AC,3,70,0.0
1P93_AC,6WMQ_AB,3,71,0.0
1P93_AC,7TRB_AB,3,72,0.0
1P93_AC,7YXD_AD,3,73,0.0
1P93_AC,7YXD_DH,3,74,0.0
1P93_AC,7YXD_HL,3,75,0.0
1P93_AC,7YXO_AC,3,76,0.0
1P93_AC,7YXO_CE,3,77,0.0
1P93_AC,8BFF_BC,3,78,0.0
1P93_AC,8HUK_AC,3,79,0.0
1P93_AD,1P93_CD,4,5,0.0
1P93_AD,1XLS_EG,4,6,0.08333333333333333
1P93_AD,2V0V_AB,4,7,0.0
1P93_AD,2V0V_AC,4,8,0.0
1P93_AD,2V0V_AD,4,9,0.02857142857142857
1P93_AD,2V0V_BC,4,10,0.0
1P93_AD,3CLD_AB,4,11,0.0
1P93_AD,3E7C_AB,4,12,0.0
1P93_AD,3GN8_AB,4,13,0.3333333333333333
1P93_AD,3H52_AC,4,14,0.0
1P93_AD,3H52_AD,4,15,0.0
1P93_AD,3H52_CD,4,16,0.0
1P93_AD,3K22_AB,4,17,0.0
1P93_AD,3K23_BC,4,18,0.0
1P93_AD,3OKI_AC,4,19,0.0
1P93_AD,3OLF_AC,4,20,0.0
1P93_AD,3OMK_AC,4,21,0.0
1P93_AD,3OMM_AC,4,22,0.0
1P93_AD,3OOF_AC,4,23,0.0
1P93_AD,3OOK_AC,4,24,0.0
1P93_AD,4MDD_AB,4,25,0.0
1P93_AD,4OIV_AB,4,26,0.0
1P93_AD,4P6X_AE,4,27,0.0
1P93_AD,4P6X_AG,4,28,0.0
1P93_AD,4P6X_CE,4,29,0.0
1P93_AD,4P6X_CG,4,30,0.0
1P93_AD,4P6X_CI,4,31,0.5
1P93_AD,4P6X_GI,4,32,0.0
1P93_AD,4P6X_GK,4,33,1.0
1P93_AD,4WVD_AB,4,34,0.0
1P93_AD,5IAW_AB,4,35,0.0
1P93_AD,5ICK_AB,4,36,0.3333333333333333
1P93_AD,5Q0J_AC,4,37,0.0
1P93_AD,5Q0L_AC,4,38,0.0
1P93_AD,5Q0N_AC,4,39,0.0
1P93_AD,5Q0O_AC,4,40,0.0
1P93_AD,5Q0P_AC,4,41,0.0
1P93_AD,5Q0Q_AC,4,42,0.0
1P93_AD,5Q0S_AC,4,43,0.0
1P93_AD,5Q0U_AC,4,44,0.0
1P93_AD,5Q0V_AC,4,45,0.0
1P93_AD,5Q0Y_AC,4,46,0.0
1P93_AD,5Q0Z_AC,4,47,0.0
1P93_AD,5Q13_AC,4,48,0.0
1P93_AD,5Q14_AC,4,49,0.0
1P93_AD,5Q15_AC,4,50,0.0
1P93_AD,5Q16_AC,4,51,0.0
1P93_AD,5Q18_AC,4,52,0.0
1P93_AD,5Q19_AC,4,53,0.0
1P93_AD,5Q1A_AC,4,54,0.0
1P93_AD,5Q1B_AC,4,55,0.0
1P93_AD,5Q1C_AC,4,56,0.0
1P93_AD,5Q1D_AC,4,57,0.0
1P93_AD,5Q1F_AC,4,58,0.0
1P93_AD,5Q1H_AC,4,59,0.0
1P93_AD,5Q1H_AG,4,60,0.0
1P93_AD,5Q1H_CE,4,61,0.0
1P93_AD,5Q1H_EG,4,62,0.0
1P93_AD,5UC3_AB,4,63,0.0
1P93_AD,5UFS_AB,4,64,0.0
1P93_AD,5Y49_AB,4,65,0.0
1P93_AD,5YXJ_AB,4,66,0.0
1P93_AD,5YXL_AC,4,67,0.0
1P93_AD,6A5W_AC,4,68,0.0
1P93_AD,6DXK_AB,4,69,0.0
1P93_AD,6ITM_AC,4,70,0.0
1P93_AD,6WMQ_AB,4,71,0.0
1P93_AD,7TRB_AB,4,72,0.0
1P93_AD,7YXD_AD,4,73,0.0
1P93_AD,7YXD_DH,4,74,0.0
1P93_AD,7YXD_HL,4,75,0.0
1P93_AD,7YXO_AC,4,76,0.09090909090909091
1P93_AD,7YXO_CE,4,77,0.0
1P93_AD,8BFF_BC,4,78,0.0
1P93_AD,8HUK_AC,4,79,0.0
1P93_CD,1XLS_EG,5,6,0.0
1P93_CD,2V0V_AB,5,7,0.10344827586206896
1P93_CD,2V0V_AC,5,8,0.0
1P93_CD,2V0V_AD,5,9,0.05405405405405406
1P93_CD,2V0V_BC,5,10,0.0
1P93_CD,3CLD_AB,5,11,0.21739130434782608
1P93_CD,3E7C_AB,5,12,0.22727272727272727
1P93_CD,3GN8_AB,5,13,0.0
1P93_CD,3H52_AC,5,14,0.07692307692307693
1P93_CD,3H52_AD,5,15,0.0
1P93_CD,3H52_CD,5,16,0.0
1P93_CD,3K22_AB,5,17,0.21739130434782608
1P93_CD,3K23_BC,5,18,0.058823529411764705
1P93_CD,3OKI_AC,5,19,0.0
1P93_CD,3OLF_AC,5,20,0.0
1P93_CD,3OMK_AC,5,21,0.0
1P93_CD,3OMM_AC,5,22,0.0
1P93_CD,3OOF_AC,5,23,0.0
1P93_CD,3OOK_AC,5,24,0.0
1P93_CD,4MDD_AB,5,25,0.0
1P93_CD,4OIV_AB,5,26,0.0
1P93_CD,4P6X_AE,5,27,0.0
1P93_CD,4P6X_AG,5,28,0.0
1P93_CD,4P6X_CE,5,29,0.0
1P93_CD,4P6X_CG,5,30,0.18518518518518517
1P93_CD,4P6X_CI,5,31,0.0
1P93_CD,4P6X_GI,5,32,0.0
1P93_CD,4P6X_GK,5,33,0.0
1P93_CD,4WVD_AB,5,34,0.14705882352941177
1P93_CD,5IAW_AB,5,35,0.0
1P93_CD,5ICK_AB,5,36,0.0
1P93_CD,5Q0J_AC,5,37,0.0
1P93_CD,5Q0L_AC,5,38,0.0
1P93_CD,5Q0N_AC,5,39,0.0
1P93_CD,5Q0O_AC,5,40,0.0
1P93_CD,5Q0P_AC,5,41,0.0
1P93_CD,5Q0Q_AC,5,42,0.0
1P93_CD,5Q0S_AC,5,43,0.0
1P93_CD,5Q0U_AC,5,44,0.0
1P93_CD,5Q0V_AC,5,45,0.0
1P93_CD,5Q0Y_AC,5,46,0.0
1P93_CD,5Q0Z_AC,5,47,0.0
1P93_CD,5Q13_AC,5,48,0.0
1P93_CD,5Q14_AC,5,49,0.0
1P93_CD,5Q15_AC,5,50,0.0
1P93_CD,5Q16_AC,5,51,0.0
1P93_CD,5Q18_AC,5,52,0.0
1P93_CD,5Q19_AC,5,53,0.0
1P93_CD,5Q1A_AC,5,54,0.0
1P93_CD,5Q1B_AC,5,55,0.0
1P93_CD,5Q1C_AC,5,56,0.0
1P93_CD,5Q1D_AC,5,57,0.0
1P93_CD,5Q1F_AC,5,58,0.0
1P93_CD,5Q1H_AC,5,59,0.0
1P93_CD,5Q1H_AG,5,60,0.0
1P93_CD,5Q1H_CE,5,61,0.0
1P93_CD,5Q1H_EG,5,62,0.0
1P93_CD,5UC3_AB,5,63,0.3125
1P93_CD,5UFS_AB,5,64,0.0
1P93_CD,5Y49_AB,5,65,0.125
1P93_CD,5YXJ_AB,5,66,0.0
1P93_CD,5YXL_AC,5,67,0.0
1P93_CD,6A5W_AC,5,68,0.0
1P93_CD,6DXK_AB,5,69,0.0
1P93_CD,6ITM_AC,5,70,0.0
1P93_CD,6WMQ_AB,5,71,0.0
1P93_CD,7TRB_AB,5,72,0.0
1P93_CD,7YXD_AD,5,73,0.0
1P93_CD,7YXD_DH,5,74,0.09090909090909091
1P93_CD,7YXD_HL,5,75,0.0
1P93_CD,7YXO_AC,5,76,0.0
1P93_CD,7YXO_CE,5,77,0.0
1P93_CD,8BFF_BC,5,78,0.0
1P93_CD,8HUK_AC,5,79,0.07692307692307693
1XLS_EG,2V0V_AB,6,7,0.0
1XLS_EG,2V0V_AC,6,8,0.0
1XLS_EG,2V0V_AD,6,9,0.125
1XLS_EG,2V0V_BC,6,10,0.0
1XLS_EG,3CLD_AB,6,11,0.0
1XLS_EG,3E7C_AB,6,12,0.0
1XLS_EG,3GN8_AB,6,13,0.08333333333333333
1XLS_EG,3H52_AC,6,14,0.0
1XLS_EG,3H52_AD,6,15,0.0
1XLS_EG,3H52_CD,6,16,0.0
1XLS_EG,3K22_AB,6,17,0.0
1XLS_EG,3K23_BC,6,18,0.043478260869565216
1XLS_EG,3OKI_AC,6,19,0.1
1XLS_EG,3OLF_AC,6,20,0.1
1XLS_EG,3OMK_AC,6,21,0.1
1XLS_EG,3OMM_AC,6,22,0.1
1XLS_EG,3OOF_AC,6,23,0.0
1XLS_EG,3OOK_AC,6,24,0.10526315789473684
1XLS_EG,4MDD_AB,6,25,0.0
1XLS_EG,4OIV_AB,6,26,0.0
1XLS_EG,4P6X_AE,6,27,0.0
1XLS_EG,4P6X_AG,6,28,0.0
1XLS_EG,4P6X_CE,6,29,0.0
1XLS_EG,4P6X_CG,6,30,0.0
1XLS_EG,4P6X_CI,6,31,0.09090909090909091
1XLS_EG,4P6X_GI,6,32,0.0
1XLS_EG,4P6X_GK,6,33,0.08333333333333333
1XLS_EG,4WVD_AB,6,34,0.0
1XLS_EG,5IAW_AB,6,35,0.0
1XLS_EG,5ICK_AB,6,36,0.08333333333333333
1XLS_EG,5Q0J_AC,6,37,0.09523809523809523
1XLS_EG,5Q0L_AC,6,38,0.0
1XLS_EG,5Q0N_AC,6,39,0.10526315789473684
1XLS_EG,5Q0O_AC,6,40,0.09090909090909091
1XLS_EG,5Q0P_AC,6,41,0.1
1XLS_EG,5Q0Q_AC,6,42,0.0
1XLS_EG,5Q0S_AC,6,43,0.1
1XLS_EG,5Q0U_AC,6,44,0.1
1XLS_EG,5Q0V_AC,6,45,0.1
1XLS_EG,5Q0Y_AC,6,46,0.1
1XLS_EG,5Q0Z_AC,6,47,0.10526315789473684
1XLS_EG,5Q13_AC,6,48,0.0
1XLS_EG,5Q14_AC,6,49,0.1
1XLS_EG,5Q15_AC,6,50,0.1
1XLS_EG,5Q16_AC,6,51,0.1
1XLS_EG,5Q18_AC,6,52,0.09523809523809523
1XLS_EG,5Q19_AC,6,53,0.1
1XLS_EG,5Q1A_AC,6,54,0.1
1XLS_EG,5Q1B_AC,6,55,0.09090909090909091
1XLS_EG,5Q1C_AC,6,56,0.1
1XLS_EG,5Q1D_AC,6,57,0.1
1XLS_EG,5Q1F_AC,6,58,0.1
1XLS_EG,5Q1H_AC,6,59,0.09523809523809523
1XLS_EG,5Q1H_AG,6,60,0.0
1XLS_EG,5Q1H_CE,6,61,0.0
1XLS_EG,5Q1H_EG,6,62,0.09523809523809523
1XLS_EG,5UC3_AB,6,63,0.0
1XLS_EG,5UFS_AB,6,64,0.0
1XLS_EG,5Y49_AB,6,65,0.0
1XLS_EG,5YXJ_AB,6,66,0.0
1XLS_EG,5YXL_AC,6,67,0.0
1XLS_EG,6A5W_AC,6,68,0.0
1XLS_EG,6DXK_AB,6,69,0.0
1XLS_EG,6ITM_AC,6,70,0.0
1XLS_EG,6WMQ_AB,6,71,0.0
1XLS_EG,7TRB_AB,6,72,0.0
1XLS_EG,7YXD_AD,6,73,0.08333333333333333
1XLS_EG,7YXD_DH,6,74,0.0
1XLS_EG,7YXD_HL,6,75,0.08333333333333333
1XLS_EG,7YXO_AC,6,76,0.10526315789473684
1XLS_EG,7YXO_CE,6,77,0.0
1XLS_EG,8BFF_BC,6,78,0.03225806451612903
1XLS_EG,8HUK_AC,6,79,0.0
2V0V_AB,2V0V_AC,7,8,0.0
2V0V_AB,2V0V_AD,7,9,0.016666666666666666
2V0V_AB,2V0V_BC,7,10,0.0
2V0V_AB,3CLD_AB,7,11,0.25
2V0V_AB,3E7C_AB,7,12,0.2564102564102564
2V0V_AB,3GN8_AB,7,13,0.0
2V0V_AB,3H52_AC,7,14,0.19047619047619047
2V0V_AB,3H52_AD,7,15,0.0
2V0V_AB,3H52_CD,7,16,0.0
2V0V_AB,3K22_AB,7,17,0.25
2V0V_AB,3K23_BC,7,18,0.05263157894736842
2V0V_AB,3OKI_AC,7,19,0.0
2V0V_AB,3OLF_AC,7,20,0.0
2V0V_AB,3OMK_AC,7,21,0.0
2V0V_AB,3OMM_AC,7,22,0.0
2V0V_AB,3OOF_AC,7,23,0.0
2V0V_AB,3OOK_AC,7,24,0.0
2V0V_AB,4MDD_AB,7,25,0.0
2V0V_AB,4OIV_AB,7,26,0.0
2V0V_AB,4P6X_AE,7,27,0.0
2V0V_AB,4P6X_AG,7,28,0.0
2V0V_AB,4P6X_CE,7,29,0.0
2V0V_AB,4P6X_CG,7,30,0.22727272727272727
2V0V_AB,4P6X_CI,7,31,0.0
2V0V_AB,4P6X_GI,7,32,0.0
2V0V_AB,4P6X_GK,7,33,0.0
2V0V_AB,4WVD_AB,7,34,0.2708333333333333
2V0V_AB,5IAW_AB,7,35,0.0
2V0V_AB,5ICK_AB,7,36,0.0
2V0V_AB,5Q0J_AC,7,37,0.0
2V0V_AB,5Q0L_AC,7,38,0.0
2V0V_AB,5Q0N_AC,7,39,0.0
2V0V_AB,5Q0O_AC,7,40,0.0
2V0V_AB,5Q0P_AC,7,41,0.0
2V0V_AB,5Q0Q_AC,7,42,0.0
2V0V_AB,5Q0S_AC,7,43,0.0
2V0V_AB,5Q0U_AC,7,44,0.0
2V0V_AB,5Q0V_AC,7,45,0.0
2V0V_AB,5Q0Y_AC,7,46,0.0
2V0V_AB,5Q0Z_AC,7,47,0.0
2V0V_AB,5Q13_AC,7,48,0.0
2V0V_AB,5Q14_AC,7,49,0.0
2V0V_AB,5Q15_AC,7,50,0.0
2V0V_AB,5Q16_AC,7,51,0.0
2V0V_AB,5Q18_AC,7,52,0.0
2V0V_AB,5Q19_AC,7,53,0.0
2V0V_AB,5Q1A_AC,7,54,0.0
2V0V_AB,5Q1B_AC,7,55,0.0
2V0V_AB,5Q1C_AC,7,56,0.0
2V0V_AB,5Q1D_AC,7,57,0.0
2V0V_AB,5Q1F_AC,7,58,0.0
2V0V_AB,5Q1H_AC,7,59,0.0
2V0V_AB,5Q1H_AG,7,60,0.0
2V0V_AB,5Q1H_CE,7,61,0.0
2V0V_AB,5Q1H_EG,7,62,0.0
2V0V_AB,5UC3_AB,7,63,0.10256410256410256
2V0V_AB,5UFS_AB,7,64,0.0
2V0V_AB,5Y49_AB,7,65,0.0
2V0V_AB,5YXJ_AB,7,66,0.0
2V0V_AB,5YXL_AC,7,67,0.0
2V0V_AB,6A5W_AC,7,68,0.0
2V0V_AB,6DXK_AB,7,69,0.0
2V0V_AB,6ITM_AC,7,70,0.0
2V0V_AB,6WMQ_AB,7,71,0.0
2V0V_AB,7TRB_AB,7,72,0.0
2V0V_AB,7YXD_AD,7,73,0.0
2V0V_AB,7YXD_DH,7,74,0.1724137931034483
2V0V_AB,7YXD_HL,7,75,0.0
2V0V_AB,7YXO_AC,7,76,0.0
2V0V_AB,7YXO_CE,7,77,0.07407407407407407
2V0V_AB,8BFF_BC,7,78,0.09090909090909091
2V0V_AB,8HUK_AC,7,79,0.13636363636363635
2V0V_AC,2V0V_AD,8,9,0.02127659574468085
2V0V_AC,2V0V_BC,8,10,0.0
2V0V_AC,3CLD_AB,8,11,0.05714285714285714
2V0V_AC,3E7C_AB,8,12,0.02857142857142857
2V0V_AC,3GN8_AB,8,13,0.0
2V0V_AC,3H52_AC,8,14,0.08823529411764706
2V0V_AC,3H52_AD,8,15,0.0
2V0V_AC,3H52_CD,8,16,0.0
2V0V_AC,3K22_AB,8,17,0.05714285714285714
2V0V_AC,3K23_BC,8,18,0.038461538461538464
2V0V_AC,3OKI_AC,8,19,0.0
2V0V_AC,3OLF_AC,8,20,0.0
2V0V_AC,3OMK_AC,8,21,0.0
2V0V_AC,3OMM_AC,8,22,0.0
2V0V_AC,3OOF_AC,8,23,0.0
2V0V_AC,3OOK_AC,8,24,0.0
2V0V_AC,4MDD_AB,8,25,0.0
2V0V_AC,4OIV_AB,8,26,0.014492753623188406
2V0V_AC,4P6X_AE,8,27,0.0
2V0V_AC,4P6X_AG,8,28,0.0
2V0V_AC,4P6X_CE,8,29,0.0
2V0V_AC,4P6X_CG,8,30,0.05128205128205128
2V0V_AC,4P6X_CI,8,31,0.0
2V0V_AC,4P6X_GI,8,32,0.0
2V0V_AC,4P6X_GK,8,33,0.0
2V0V_AC,4WVD_AB,8,34,0.06666666666666667
2V0V_AC,5IAW_AB,8,35,0.0
2V0V_AC,5ICK_AB,8,36,0.0
2V0V_AC,5Q0J_AC,8,37,0.0
2V0V_AC,5Q0L_AC,8,38,0.012345679012345678
2V0V_AC,5Q0N_AC,8,39,0.0
2V0V_AC,5Q0O_AC,8,40,0.0
2V0V_AC,5Q0P_AC,8,41,0.0
2V0V_AC,5Q0Q_AC,8,42,0.0
2V0V_AC,5Q0S_AC,8,43,0.0
2V0V_AC,5Q0U_AC,8,44,0.0
2V0V_AC,5Q0V_AC,8,45,0.0
2V0V_AC,5Q0Y_AC,8,46,0.0
2V0V_AC,5Q0Z_AC,8,47,0.0
2V0V_AC,5Q13_AC,8,48,0.0
2V0V_AC,5Q14_AC,8,49,0.0
2V0V_AC,5Q15_AC,8,50,0.0
2V0V_AC,5Q16_AC,8,51,0.0
2V0V_AC,5Q18_AC,8,52,0.0
2V0V_AC,5Q19_AC,8,53,0.0
2V0V_AC,5Q1A_AC,8,54,0.0
2V0V_AC,5Q1B_AC,8,55,0.0
2V0V_AC,5Q1C_AC,8,56,0.0
2V0V_AC,5Q1D_AC,8,57,0.0
2V0V_AC,5Q1F_AC,8,58,0.0
2V0V_AC,5Q1H_AC,8,59,0.0
2V0V_AC,5Q1H_AG,8,60,0.0
2V0V_AC,5Q1H_CE,8,61,0.0
2V0V_AC,5Q1H_EG,8,62,0.0
2V0V_AC,5UC3_AB,8,63,0.0
2V0V_AC,5UFS_AB,8,64,0.14285714285714285
2V0V_AC,5Y49_AB,8,65,0.058823529411764705
2V0V_AC,5YXJ_AB,8,66,0.0
2V0V_AC,5YXL_AC,8,67,0.0
2V0V_AC,6A5W_AC,8,68,0.0
2V0V_AC,6DXK_AB,8,69,0.05555555555555555
2V0V_AC,6ITM_AC,8,70,0.0
2V0V_AC,6WMQ_AB,8,71,0.0
2V0V_AC,7TRB_AB,8,72,0.0
2V0V_AC,7YXD_AD,8,73,0.0
2V0V_AC,7YXD_DH,8,74,0.0
2V0V_AC,7YXD_HL,8,75,0.0
2V0V_AC,7YXO_AC,8,76,0.0
2V0V_AC,7YXO_CE,8,77,0.0
2V0V_AC,8BFF_BC,8,78,0.0
2V0V_AC,8HUK_AC,8,79,0.0
2V0V_AD,2V0V_BC,9,10,0.11842105263157894
2V0V_AD,3CLD_AB,9,11,0.11764705882352941
2V0V_AD,3E7C_AB,9,12,0.12
2V0V_AD,3GN8_AB,9,13,0.02857142857142857
2V0V_AD,3H52_AC,9,14,0.03636363636363636
2V0V_AD,3H52_AD,9,15,0.0
2V0V_AD,3H52_CD,9,16,0.13513513513513514
2V0V_AD,3K22_AB,9,17,0.11764705882352941
2V0V_AD,3K23_BC,9,18,0.044444444444444446
2V0V_AD,3OKI_AC,9,19,0.046511627906976744
2V0V_AD,3OLF_AC,9,20,0.046511627906976744
2V0V_AD,3OMK_AC,9,21,0.046511627906976744
2V0V_AD,3OMM_AC,9,22,0.046511627906976744
2V0V_AD,3OOF_AC,9,23,0.042105263157894736
2V0V_AD,3OOK_AC,9,24,0.047619047619047616
2V0V_AD,4MDD_AB,9,25,0.0
2V0V_AD,4OIV_AB,9,26,0.0975609756097561
2V0V_AD,4P6X_AE,9,27,0.09523809523809523
2V0V_AD,4P6X_AG,9,28,0.02857142857142857
2V0V_AD,4P6X_CE,9,29,0.02857142857142857
2V0V_AD,4P6X_CG,9,30,0.19607843137254902
2V0V_AD,4P6X_CI,9,31,0.029411764705882353
2V0V_AD,4P6X_GI,9,32,0.0
2V0V_AD,4P6X_GK,9,33,0.02857142857142857
2V0V_AD,4WVD_AB,9,34,0.07936507936507936
2V0V_AD,5IAW_AB,9,35,0.0
2V0V_AD,5ICK_AB,9,36,0.02857142857142857
2V0V_AD,5Q0J_AC,9,37,0.045454545454545456
2V0V_AD,5Q0L_AC,9,38,0.04081632653061224
2V0V_AD,5Q0N_AC,9,39,0.047619047619047616
2V0V_AD,5Q0O_AC,9,40,0.044444444444444446
2V0V_AD,5Q0P_AC,9,41,0.046511627906976744
2V0V_AD,5Q0Q_AC,9,42,0.043478260869565216
2V0V_AD,5Q0S_AC,9,43,0.046511627906976744
2V0V_AD,5Q0U_AC,9,44,0.046511627906976744
2V0V_AD,5Q0V_AC,9,45,0.046511627906976744
2V0V_AD,5Q0Y_AC,9,46,0.046511627906976744
2V0V_AD,5Q0Z_AC,9,47,0.047619047619047616
2V0V_AD,5Q13_AC,9,48,0.0
2V0V_AD,5Q14_AC,9,49,0.046511627906976744
2V0V_AD,5Q15_AC,9,50,0.046511627906976744
2V0V_AD,5Q16_AC,9,51,0.046511627906976744
2V0V_AD,5Q18_AC,9,52,0.045454545454545456
2V0V_AD,5Q19_AC,9,53,0.046511627906976744
2V0V_AD,5Q1A_AC,9,54,0.046511627906976744
2V0V_AD,5Q1B_AC,9,55,0.044444444444444446
2V0V_AD,5Q1C_AC,9,56,0.046511627906976744
2V0V_AD,5Q1D_AC,9,57,0.046511627906976744
2V0V_AD,5Q1F_AC,9,58,0.046511627906976744
2V0V_AD,5Q1H_AC,9,59,0.045454545454545456
2V0V_AD,5Q1H_AG,9,60,0.039603960396039604
2V0V_AD,5Q1H_CE,9,61,0.039603960396039604
2V0V_AD,5Q1H_EG,9,62,0.045454545454545456
2V0V_AD,5UC3_AB,9,63,0.13636363636363635
2V0V_AD,5UFS_AB,9,64,0.0
2V0V_AD,5Y49_AB,9,65,0.05555555555555555
2V0V_AD,5YXJ_AB,9,66,0.0
2V0V_AD,5YXL_AC,9,67,0.05970149253731343
2V0V_AD,6A5W_AC,9,68,0.02040816326530612
2V0V_AD,6DXK_AB,9,69,0.0
2V0V_AD,6ITM_AC,9,70,0.04411764705882353
2V0V_AD,6WMQ_AB,9,71,0.029411764705882353
2V0V_AD,7TRB_AB,9,72,0.05555555555555555
2V0V_AD,7YXD_AD,9,73,0.02857142857142857
2V0V_AD,7YXD_DH,9,74,0.05128205128205128
2V0V_AD,7YXD_HL,9,75,0.02857142857142857
2V0V_AD,7YXO_AC,9,76,0.1
2V0V_AD,7YXO_CE,9,77,0.0
2V0V_AD,8BFF_BC,9,78,0.018518518518518517
2V0V_AD,8HUK_AC,9,79,0.05555555555555555
2V0V_BC,3CLD_AB,10,11,0.0
2V0V_BC,3E7C_AB,10,12,0.0
2V0V_BC,3GN8_AB,10,13,0.0
2V0V_BC,3H52_AC,10,14,0.0
2V0V_BC,3H52_AD,10,15,0.0
2V0V_BC,3H52_CD,10,16,0.03508771929824561
2V0V_BC,3K22_AB,10,17,0.0
2V0V_BC,3K23_BC,10,18,0.0847457627118644
2V0V_BC,3OKI_AC,10,19,0.08771929824561403
2V0V_BC,3OLF_AC,10,20,0.08771929824561403
2V0V_BC,3OMK_AC,10,21,0.08771929824561403
2V0V_BC,3OMM_AC,10,22,0.08771929824561403
2V0V_BC,3OOF_AC,10,23,0.07407407407407407
2V0V_BC,3OOK_AC,10,24,0.07017543859649122
2V0V_BC,4MDD_AB,10,25,0.0
2V0V_BC,4OIV_AB,10,26,0.038834951456310676
2V0V_BC,4P6X_AE,10,27,0.05
2V0V_BC,4P6X_AG,10,28,0.0
2V0V_BC,4P6X_CE,10,29,0.0
2V0V_BC,4P6X_CG,10,30,0.0
2V0V_BC,4P6X_CI,10,31,0.0
2V0V_BC,4P6X_GI,10,32,0.0
2V0V_BC,4P6X_GK,10,33,0.0
2V0V_BC,4WVD_AB,10,34,0.0
2V0V_BC,5IAW_AB,10,35,0.07272727272727272
2V0V_BC,5ICK_AB,10,36,0.0
2V0V_BC,5Q0J_AC,10,37,0.10526315789473684
2V0V_BC,5Q0L_AC,10,38,0.07207207207207207
2V0V_BC,5Q0N_AC,10,39,0.08928571428571429
2V0V_BC,5Q0O_AC,10,40,0.12280701754385964
2V0V_BC,5Q0P_AC,10,41,0.08771929824561403
2V0V_BC,5Q0Q_AC,10,42,0.12658227848101267
2V0V_BC,5Q0S_AC,10,43,0.08771929824561403
2V0V_BC,5Q0U_AC,10,44,0.08771929824561403
2V0V_BC,5Q0V_AC,10,45,0.08771929824561403
2V0V_BC,5Q0Y_AC,10,46,0.08771929824561403
2V0V_BC,5Q0Z_AC,10,47,0.07017543859649122
2V0V_BC,5Q13_AC,10,48,0.07142857142857142
2V0V_BC,5Q14_AC,10,49,0.08771929824561403
2V0V_BC,5Q15_AC,10,50,0.08771929824561403
2V0V_BC,5Q16_AC,10,51,0.08771929824561403
2V0V_BC,5Q18_AC,10,52,0.10526315789473684
2V0V_BC,5Q19_AC,10,53,0.08771929824561403
2V0V_BC,5Q1A_AC,10,54,0.08771929824561403
2V0V_BC,5Q1B_AC,10,55,0.12280701754385964
2V0V_BC,5Q1C_AC,10,56,0.08771929824561403
2V0V_BC,5Q1D_AC,10,57,0.08771929824561403
2V0V_BC,5Q1F_AC,10,58,0.08771929824561403
2V0V_BC,5Q1H_AC,10,59,0.10526315789473684
2V0V_BC,5Q1H_AG,10,60,0.06086956521739131
2V0V_BC,5Q1H_CE,10,61,0.06086956521739131
2V0V_BC,5Q1H_EG,10,62,0.10526315789473684
2V0V_BC,5UC3_AB,10,63,0.0
2V0V_BC,5UFS_AB,10,64,0.0
2V0V_BC,5Y49_AB,10,65,0.03773584905660377
2V0V_BC,5YXJ_AB,10,66,0.0
2V0V_BC,5YXL_AC,10,67,0.17333333333333334
2V0V_BC,6A5W_AC,10,68,0.11428571428571428
2V0V_BC,6DXK_AB,10,69,0.037037037037037035
2V0V_BC,6ITM_AC,10,70,0.14285714285714285
2V0V_BC,6WMQ_AB,10,71,0.05172413793103448
2V0V_BC,7TRB_AB,10,72,0.1625
2V0V_BC,7YXD_AD,10,73,0.0
2V0V_BC,7YXD_DH,10,74,0.0
2V0V_BC,7YXD_HL,10,75,0.0
2V0V_BC,7YXO_AC,10,76,0.05172413793103448
2V0V_BC,7YXO_CE,10,77,0.0
2V0V_BC,8BFF_BC,10,78,0.07462686567164178
2V0V_BC,8HUK_AC,10,79,0.0
3CLD_AB,3E7C_AB,11,12,0.9565217391304348
3CLD_AB,3GN8_AB,11,13,0.0
3CLD_AB,3H52_AC,11,14,0.1794871794871795
3CLD_AB,3H52_AD,11,15,0.0
3CLD_AB,3H52_CD,11,16,0.06896551724137931
3CLD_AB,3K22_AB,11,17,1.0
3CLD_AB,3K23_BC,11,18,0.058823529411764705
3CLD_AB,3OKI_AC,11,19,0.0
3CLD_AB,3OLF_AC,11,20,0.0
3CLD_AB,3OMK_AC,11,21,0.0
3CLD_AB,3OMM_AC,11,22,0.0
3CLD_AB,3OOF_AC,11,23,0.0
3CLD_AB,3OOK_AC,11,24,0.0
3CLD_AB,4MDD_AB,11,25,0.0
3CLD_AB,4OIV_AB,11,26,0.0
3CLD_AB,4P6X_AE,11,27,0.0
3CLD_AB,4P6X_AG,11,28,0.0
3CLD_AB,4P6X_CE,11,29,0.0
3CLD_AB,4P6X_CG,11,30,0.7241379310344828
3CLD_AB,4P6X_CI,11,31,0.0
3CLD_AB,4P6X_GI,11,32,0.0
3CLD_AB,4P6X_GK,11,33,0.0
3CLD_AB,4WVD_AB,11,34,0.35714285714285715
3CLD_AB,5IAW_AB,11,35,0.0
3CLD_AB,5ICK_AB,11,36,0.0
3CLD_AB,5Q0J_AC,11,37,0.0
3CLD_AB,5Q0L_AC,11,38,0.0
3CLD_AB,5Q0N_AC,11,39,0.0
3CLD_AB,5Q0O_AC,11,40,0.0
3CLD_AB,5Q0P_AC,11,41,0.0
3CLD_AB,5Q0Q_AC,11,42,0.0
3CLD_AB,5Q0S_AC,11,43,0.0
3CLD_AB,5Q0U_AC,11,44,0.0
3CLD_AB,5Q0V_AC,11,45,0.0
3CLD_AB,5Q0Y_AC,11,46,0.0
3CLD_AB,5Q0Z_AC,11,47,0.0
3CLD_AB,5Q13_AC,11,48,0.0
3CLD_AB,5Q14_AC,11,49,0.0
3CLD_AB,5Q15_AC,11,50,0.0
3CLD_AB,5Q16_AC,11,51,0.0
3CLD_AB,5Q18_AC,11,52,0.0
3CLD_AB,5Q19_AC,11,53,0.0
3CLD_AB,5Q1A_AC,11,54,0.0
3CLD_AB,5Q1B_AC,11,55,0.0
3CLD_AB,5Q1C_AC,11,56,0.0
3CLD_AB,5Q1D_AC,11,57,0.0
3CLD_AB,5Q1F_AC,11,58,0.0
3CLD_AB,5Q1H_AC,11,59,0.0
3CLD_AB,5Q1H_AG,11,60,0.0
3CLD_AB,5Q1H_CE,11,61,0.0
3CLD_AB,5Q1H_EG,11,62,0.0
3CLD_AB,5UC3_AB,11,63,0.4444444444444444
3CLD_AB,5UFS_AB,11,64,0.0
3CLD_AB,5Y49_AB,11,65,0.08
3CLD_AB,5YXJ_AB,11,66,0.0
3CLD_AB,5YXL_AC,11,67,0.0
3CLD_AB,6A5W_AC,11,68,0.0
3CLD_AB,6DXK_AB,11,69,0.0
3CLD_AB,6ITM_AC,11,70,0.0
3CLD_AB,6WMQ_AB,11,71,0.0
3CLD_AB,7TRB_AB,11,72,0.0
3CLD_AB,7YXD_AD,11,73,0.0
3CLD_AB,7YXD_DH,11,74,0.15384615384615385
3CLD_AB,7YXD_HL,11,75,0.0
3CLD_AB,7YXO_AC,11,76,0.0
3CLD_AB,7YXO_CE,11,77,0.0
3CLD_AB,8BFF_BC,11,78,0.07317073170731707
3CLD_AB,8HUK_AC,11,79,0.1794871794871795
3E7C_AB,3GN8_AB,12,13,0.0
3E7C_AB,3H52_AC,12,14,0.18421052631578946
3E7C_AB,3H52_AD,12,15,0.0
3E7C_AB,3H52_CD,12,16,0.07142857142857142
3E7C_AB,3K22_AB,12,17,0.9565217391304348
3E7C_AB,3K23_BC,12,18,0.06060606060606061
3E7C_AB,3OKI_AC,12,19,0.0
3E7C_AB,3OLF_AC,12,20,0.0
3E7C_AB,3OMK_AC,12,21,0.0
3E7C_AB,3OMM_AC,12,22,0.0
3E7C_AB,3OOF_AC,12,23,0.0
3E7C_AB,3OOK_AC,12,24,0.0
3E7C_AB,4MDD_AB,12,25,0.0
3E7C_AB,4OIV_AB,12,26,0.0
3E7C_AB,4P6X_AE,12,27,0.0
3E7C_AB,4P6X_AG,12,28,0.0
3E7C_AB,4P6X_CE,12,29,0.0
3E7C_AB,4P6X_CG,12,30,0.6896551724137931
3E7C_AB,4P6X_CI,12,31,0.0
3E7C_AB,4P6X_GI,12,32,0.0
3E7C_AB,4P6X_GK,12,33,0.0
3E7C_AB,4WVD_AB,12,34,0.3333333333333333
3E7C_AB,5IAW_AB,12,35,0.0
3E7C_AB,5ICK_AB,12,36,0.0
3E7C_AB,5Q0J_AC,12,37,0.0
3E7C_AB,5Q0L_AC,12,38,0.0
3E7C_AB,5Q0N_AC,12,39,0.0
3E7C_AB,5Q0O_AC,12,40,0.0
3E7C_AB,5Q0P_AC,12,41,0.0
3E7C_AB,5Q0Q_AC,12,42,0.0
3E7C_AB,5Q0S_AC,12,43,0.0
3E7C_AB,5Q0U_AC,12,44,0.0
3E7C_AB,5Q0V_AC,12,45,0.0
3E7C_AB,5Q0Y_AC,12,46,0.0
3E7C_AB,5Q0Z_AC,12,47,0.0
3E7C_AB,5Q13_AC,12,48,0.0
3E7C_AB,5Q14_AC,12,49,0.0
3E7C_AB,5Q15_AC,12,50,0.0
3E7C_AB,5Q16_AC,12,51,0.0
3E7C_AB,5Q18_AC,12,52,0.0
3E7C_AB,5Q19_AC,12,53,0.0
3E7C_AB,5Q1A_AC,12,54,0.0
3E7C_AB,5Q1B_AC,12,55,0.0
3E7C_AB,5Q1C_AC,12,56,0.0
3E7C_AB,5Q1D_AC,12,57,0.0
3E7C_AB,5Q1F_AC,12,58,0.0
3E7C_AB,5Q1H_AC,12,59,0.0
3E7C_AB,5Q1H_AG,12,60,0.0
3E7C_AB,5Q1H_CE,12,61,0.0
3E7C_AB,5Q1H_EG,12,62,0.0
3E7C_AB,5UC3_AB,12,63,0.46153846153846156
3E7C_AB,5UFS_AB,12,64,0.0
3E7C_AB,5Y49_AB,12,65,0.08333333333333333
3E7C_AB,5YXJ_AB,12,66,0.0
3E7C_AB,5YXL_AC,12,67,0.0
3E7C_AB,6A5W_AC,12,68,0.0
3E7C_AB,6DXK_AB,12,69,0.0
3E7C_AB,6ITM_AC,12,70,0.0
3E7C_AB,6WMQ_AB,12,71,0.0
3E7C_AB,7TRB_AB,12,72,0.0
3E7C_AB,7YXD_AD,12,73,0.0
3E7C_AB,7YXD_DH,12,74,0.16
3E7C_AB,7YXD_HL,12,75,0.0
3E7C_AB,7YXO_AC,12,76,0.0
3E7C_AB,7YXO_CE,12,77,0.0
3E7C_AB,8BFF_BC,12,78,0.075
3E7C_AB,8HUK_AC,12,79,0.18421052631578946
3GN8_AB,3H52_AC,13,14,0.0
3GN8_AB,3H52_AD,13,15,0.0
3GN8_AB,3H52_CD,13,16,0.0
3GN8_AB,3K22_AB,13,17,0.0
3GN8_AB,3K23_BC,13,18,0.0
3GN8_AB,3OKI_AC,13,19,0.0
3GN8_AB,3OLF_AC,13,20,0.0
3GN8_AB,3OMK_AC,13,21,0.0
3GN8_AB,3OMM_AC,13,22,0.0
3GN8_AB,3OOF_AC,13,23,0.0
3GN8_AB,3OOK_AC,13,24,0.0
3GN8_AB,4MDD_AB,13,25,0.0
3GN8_AB,4OIV_AB,13,26,0.0
3GN8_AB,4P6X_AE,13,27,0.0
3GN8_AB,4P6X_AG,13,28,0.0
3GN8_AB,4P6X_CE,13,29,0.0
3GN8_AB,4P6X_CG,13,30,0.0
3GN8_AB,4P6X_CI,13,31,0.5
3GN8_AB,4P6X_GI,13,32,0.0
3GN8_AB,4P6X_GK,13,33,0.3333333333333333
3GN8_AB,4WVD_AB,13,34,0.0
3GN8_AB,5IAW_AB,13,35,0.0
3GN8_AB,5ICK_AB,13,36,0.3333333333333333
3GN8_AB,5Q0J_AC,13,37,0.0
3GN8_AB,5Q0L_AC,13,38,0.0
3GN8_AB,5Q0N_AC,13,39,0.0
3GN8_AB,5Q0O_AC,13,40,0.0
3GN8_AB,5Q0P_AC,13,41,0.0
3GN8_AB,5Q0Q_AC,13,42,0.0
3GN8_AB,5Q0S_AC,13,43,0.0
3GN8_AB,5Q0U_AC,13,44,0.0
3GN8_AB,5Q0V_AC,13,45,0.0
3GN8_AB,5Q0Y_AC,13,46,0.0
3GN8_AB,5Q0Z_AC,13,47,0.0
3GN8_AB,5Q13_AC,13,48,0.0
3GN8_AB,5Q14_AC,13,49,0.0
3GN8_AB,5Q15_AC,13,50,0.0
3GN8_AB,5Q16_AC,13,51,0.0
3GN8_AB,5Q18_AC,13,52,0.0
3GN8_AB,5Q19_AC,13,53,0.0
3GN8_AB,5Q1A_AC,13,54,0.0
3GN8_AB,5Q1B_AC,13,55,0.0
3GN8_AB,5Q1C_AC,13,56,0.0
3GN8_AB,5Q1D_AC,13,57,0.0
3GN8_AB,5Q1F_AC,13,58,0.0
3GN8_AB,5Q1H_AC,13,59,0.0
3GN8_AB,5Q1H_AG,13,60,0.0
3GN8_AB,5Q1H_CE,13,61,0.0
3GN8_AB,5Q1H_EG,13,62,0.0
3GN8_AB,5UC3_AB,13,63,0.0
3GN8_AB,5UFS_AB,13,64,0.0
3GN8_AB,5Y49_AB,13,65,0.0
3GN8_AB,5YXJ_AB,13,66,0.0
3GN8_AB,5YXL_AC,13,67,0.0
3GN8_AB,6A5W_AC,13,68,0.0
3GN8_AB,6DXK_AB,13,69,0.0
3GN8_AB,6ITM_AC,13,70,0.0
3GN8_AB,6WMQ_AB,13,71,0.013888888888888888
3GN8_AB,7TRB_AB,13,72,0.0
3GN8_AB,7YXD_AD,13,73,0.0
3GN8_AB,7YXD_DH,13,74,0.0
3GN8_AB,7YXD_HL,13,75,0.0
3GN8_AB,7YXO_AC,13,76,0.09090909090909091
3GN8_AB,7YXO_CE,13,77,0.0
3GN8_AB,8BFF_BC,13,78,0.0
3GN8_AB,8HUK_AC,13,79,0.0
3H52_AC,3H52_AD,14,15,0.0
3H52_AC,3H52_CD,14,16,0.0
3H52_AC,3K22_AB,14,17,0.1794871794871795
3H52_AC,3K23_BC,14,18,0.09090909090909091
3H52_AC,3OKI_AC,14,19,0.0
3H52_AC,3OLF_AC,14,20,0.0
3H52_AC,3OMK_AC,14,21,0.0
3H52_AC,3OMM_AC,14,22,0.0
3H52_AC,3OOF_AC,14,23,0.0
3H52_AC,3OOK_AC,14,24,0.0
3H52_AC,4MDD_AB,14,25,0.0
3H52_AC,4OIV_AB,14,26,0.0821917808219178
3H52_AC,4P6X_AE,14,27,0.0
3H52_AC,4P6X_AG,14,28,0.0
3H52_AC,4P6X_CE,14,29,0.0
3H52_AC,4P6X_CG,14,30,0.19047619047619047
3H52_AC,4P6X_CI,14,31,0.0
3H52_AC,4P6X_GI,14,32,0.038461538461538464
3H52_AC,4P6X_GK,14,33,0.0
3H52_AC,4WVD_AB,14,34,0.14
3H52_AC,5IAW_AB,14,35,0.0
3H52_AC,5ICK_AB,14,36,0.0
3H52_AC,5Q0J_AC,14,37,0.0
3H52_AC,5Q0L_AC,14,38,0.0
3H52_AC,5Q0N_AC,14,39,0.0
3H52_AC,5Q0O_AC,14,40,0.0
3H52_AC,5Q0P_AC,14,41,0.0
3H52_AC,5Q0Q_AC,14,42,0.0
3H52_AC,5Q0S_AC,14,43,0.0
3H52_AC,5Q0U_AC,14,44,0.0
3H52_AC,5Q0V_AC,14,45,0.0
3H52_AC,5Q0Y_AC,14,46,0.0
3H52_AC,5Q0Z_AC,14,47,0.0
3H52_AC,5Q13_AC,14,48,0.0
3H52_AC,5Q14_AC,14,49,0.0
3H52_AC,5Q15_AC,14,50,0.0
3H52_AC,5Q16_AC,14,51,0.0
3H52_AC,5Q18_AC,14,52,0.0
3H52_AC,5Q19_AC,14,53,0.0
3H52_AC,5Q1A_AC,14,54,0.0
3H52_AC,5Q1B_AC,14,55,0.0
3H52_AC,5Q1C_AC,14,56,0.0
3H52_AC,5Q1D_AC,14,57,0.0
3H52_AC,5Q1F_AC,14,58,0.0
3H52_AC,5Q1H_AC,14,59,0.0
3H52_AC,5Q1H_AG,14,60,0.0
3H52_AC,5Q1H_CE,14,61,0.0
3H52_AC,5Q1H_EG,14,62,0.0
3H52_AC,5UC3_AB,14,63,0.11428571428571428
3H52_AC,5UFS_AB,14,64,0.06451612903225806
3H52_AC,5Y49_AB,14,65,0.0
3H52_AC,5YXJ_AB,14,66,0.0
3H52_AC,5YXL_AC,14,67,0.0
3H52_AC,6A5W_AC,14,68,0.0
3H52_AC,6DXK_AB,14,69,0.07692307692307693
3H52_AC,6ITM_AC,14,70,0.0
3H52_AC,6WMQ_AB,14,71,0.0
3H52_AC,7TRB_AB,14,72,0.0
3H52_AC,7YXD_AD,14,73,0.0
3H52_AC,7YXD_DH,14,74,0.07142857142857142
3H52_AC,7YXD_HL,14,75,0.0
3H52_AC,7YXO_AC,14,76,0.0
3H52_AC,7YXO_CE,14,77,0.041666666666666664
3H52_AC,8BFF_BC,14,78,0.1
3H52_AC,8HUK_AC,14,79,0.15
3H52_AD,3H52_CD,15,16,0.0
3H52_AD,3K22_AB,15,17,0.0
3H52_AD,3K23_BC,15,18,0.0
3H52_AD,3OKI_AC,15,19,0.0
3H52_AD,3OLF_AC,15,20,0.0
3H52_AD,3OMK_AC,15,21,0.0
3H52_AD,3OMM_AC,15,22,0.0
3H52_AD,3OOF_AC,15,23,0.0
3H52_AD,3OOK_AC,15,24,0.0
3H52_AD,4MDD_AB,15,25,0.5
3H52_AD,4OIV_AB,15,26,0.07142857142857142
3H52_AD,4P6X_AE,15,27,0.0
3H52_AD,4P6X_AG,15,28,0.0
3H52_AD,4P6X_CE,15,29,0.0
3H52_AD,4P6X_CG,15,30,0.0
3H52_AD,4P6X_CI,15,31,0.0
3H52_AD,4P6X_GI,15,32,0.0
3H52_AD,4P6X_GK,15,33,0.0
3H52_AD,4WVD_AB,15,34,0.0
3H52_AD,5IAW_AB,15,35,0.0
3H52_AD,5ICK_AB,15,36,0.0
3H52_AD,5Q0J_AC,15,37,0.0
3H52_AD,5Q0L_AC,15,38,0.0
3H52_AD,5Q0N_AC,15,39,0.0
3H52_AD,5Q0O_AC,15,40,0.0
3H52_AD,5Q0P_AC,15,41,0.0
3H52_AD,5Q0Q_AC,15,42,0.0
3H52_AD,5Q0S_AC,15,43,0.0
3H52_AD,5Q0U_AC,15,44,0.0
3H52_AD,5Q0V_AC,15,45,0.0
3H52_AD,5Q0Y_AC,15,46,0.0
3H52_AD,5Q0Z_AC,15,47,0.0
3H52_AD,5Q13_AC,15,48,0.18181818181818182
3H52_AD,5Q14_AC,15,49,0.0
3H52_AD,5Q15_AC,15,50,0.0
3H52_AD,5Q16_AC,15,51,0.0
3H52_AD,5Q18_AC,15,52,0.0
3H52_AD,5Q19_AC,15,53,0.0
3H52_AD,5Q1A_AC,15,54,0.0
3H52_AD,5Q1B_AC,15,55,0.0
3H52_AD,5Q1C_AC,15,56,0.0
3H52_AD,5Q1D_AC,15,57,0.0
3H52_AD,5Q1F_AC,15,58,0.0
3H52_AD,5Q1H_AC,15,59,0.0
3H52_AD,5Q1H_AG,15,60,0.0
3H52_AD,5Q1H_CE,15,61,0.0
3H52_AD,5Q1H_EG,15,62,0.0
3H52_AD,5UC3_AB,15,63,0.0
3H52_AD,5UFS_AB,15,64,0.0
3H52_AD,5Y49_AB,15,65,0.0
3H52_AD,5YXJ_AB,15,66,0.25
3H52_AD,5YXL_AC,15,67,0.0
3H52_AD,6A5W_AC,15,68,0.0
3H52_AD,6DXK_AB,15,69,0.0
3H52_AD,6ITM_AC,15,70,0.0
3H52_AD,6WMQ_AB,15,71,0.0
3H52_AD,7TRB_AB,15,72,0.0
3H52_AD,7YXD_AD,15,73,0.0
3H52_AD,7YXD_DH,15,74,0.0
3H52_AD,7YXD_HL,15,75,0.0
3H52_AD,7YXO_AC,15,76,0.0
3H52_AD,7YXO_CE,15,77,0.0
3H52_AD,8BFF_BC,15,78,0.0
3H52_AD,8HUK_AC,15,79,0.0
3H52_CD,3K22_AB,16,17,0.06896551724137931
3H52_CD,3K23_BC,16,18,0.05
3H52_CD,3OKI_AC,16,19,0.0
3H52_CD,3OLF_AC,16,20,0.0
3H52_CD,3OMK_AC,16,21,0.0
3H52_CD,3OMM_AC,16,22,0.0
3H52_CD,3OOF_AC,16,23,0.013888888888888888
3H52_CD,3OOK_AC,16,24,0.0
3H52_CD,4MDD_AB,16,25,0.0
3H52_CD,4OIV_AB,16,26,0.04918032786885246
3H52_CD,4P6X_AE,16,27,0.05263157894736842
3H52_CD,4P6X_AG,16,28,0.1111111111111111
3H52_CD,4P6X_CE,16,29,0.1111111111111111
3H52_CD,4P6X_CG,16,30,0.06060606060606061
3H52_CD,4P6X_CI,16,31,0.0
3H52_CD,4P6X_GI,16,32,0.0
3H52_CD,4P6X_GK,16,33,0.0
3H52_CD,4WVD_AB,16,34,0.024390243902439025
3H52_CD,5IAW_AB,16,35,0.0
3H52_CD,5ICK_AB,16,36,0.0
3H52_CD,5Q0J_AC,16,37,0.0
3H52_CD,5Q0L_AC,16,38,0.013333333333333334
3H52_CD,5Q0N_AC,16,39,0.0
3H52_CD,5Q0O_AC,16,40,0.0
3H52_CD,5Q0P_AC,16,41,0.0
3H52_CD,5Q0Q_AC,16,42,0.022222222222222223
3H52_CD,5Q0S_AC,16,43,0.0
3H52_CD,5Q0U_AC,16,44,0.0
3H52_CD,5Q0V_AC,16,45,0.0
3H52_CD,5Q0Y_AC,16,46,0.0
3H52_CD,5Q0Z_AC,16,47,0.0
3H52_CD,5Q13_AC,16,48,0.0
3H52_CD,5Q14_AC,16,49,0.0
3H52_CD,5Q15_AC,16,50,0.0
3H52_CD,5Q16_AC,16,51,0.0
3H52_CD,5Q18_AC,16,52,0.0
3H52_CD,5Q19_AC,16,53,0.0
3H52_CD,5Q1A_AC,16,54,0.0
3H52_CD,5Q1B_AC,16,55,0.0
3H52_CD,5Q1C_AC,16,56,0.0
3H52_CD,5Q1D_AC,16,57,0.0
3H52_CD,5Q1F_AC,16,58,0.0
3H52_CD,5Q1H_AC,16,59,0.0
3H52_CD,5Q1H_AG,16,60,0.01282051282051282
3H52_CD,5Q1H_CE,16,61,0.01282051282051282
3H52_CD,5Q1H_EG,16,62,0.0
3H52_CD,5UC3_AB,16,63,0.043478260869565216
3H52_CD,5UFS_AB,16,64,0.0
3H52_CD,5Y49_AB,16,65,0.0
3H52_CD,5YXJ_AB,16,66,0.0
3H52_CD,5YXL_AC,16,67,0.022727272727272728
3H52_CD,6A5W_AC,16,68,0.0136986301369863
3H52_CD,6DXK_AB,16,69,0.0
3H52_CD,6ITM_AC,16,70,0.022727272727272728
3H52_CD,6WMQ_AB,16,71,0.0
3H52_CD,7TRB_AB,16,72,0.02040816326530612
3H52_CD,7YXD_AD,16,73,0.1111111111111111
3H52_CD,7YXD_DH,16,74,0.07142857142857142
3H52_CD,7YXD_HL,16,75,0.1111111111111111
3H52_CD,7YXO_AC,16,76,0.125
3H52_CD,7YXO_CE,16,77,0.0
3H52_CD,8BFF_BC,16,78,0.0
3H52_CD,8HUK_AC,16,79,0.03333333333333333
3K22_AB,3K23_BC,17,18,0.058823529411764705
3K22_AB,3OKI_AC,17,19,0.0
3K22_AB,3OLF_AC,17,20,0.0
3K22_AB,3OMK_AC,17,21,0.0
3K22_AB,3OMM_AC,17,22,0.0
3K22_AB,3OOF_AC,17,23,0.0
3K22_AB,3OOK_AC,17,24,0.0
3K22_AB,4MDD_AB,17,25,0.0
3K22_AB,4OIV_AB,17,26,0.0
3K22_AB,4P6X_AE,17,27,0.0
3K22_AB,4P6X_AG,17,28,0.0
3K22_AB,4P6X_CE,17,29,0.0
3K22_AB,4P6X_CG,17,30,0.7241379310344828
3K22_AB,4P6X_CI,17,31,0.0
3K22_AB,4P6X_GI,17,32,0.0
3K22_AB,4P6X_GK,17,33,0.0
3K22_AB,4WVD_AB,17,34,0.35714285714285715
3K22_AB,5IAW_AB,17,35,0.0
3K22_AB,5ICK_AB,17,36,0.0
3K22_AB,5Q0J_AC,17,37,0.0
3K22_AB,5Q0L_AC,17,38,0.0
3K22_AB,5Q0N_AC,17,39,0.0
3K22_AB,5Q0O_AC,17,40,0.0
3K22_AB,5Q0P_AC,17,41,0.0
3K22_AB,5Q0Q_AC,17,42,0.0
3K22_AB,5Q0S_AC,17,43,0.0
3K22_AB,5Q0U_AC,17,44,0.0
3K22_AB,5Q0V_AC,17,45,0.0
3K22_AB,5Q0Y_AC,17,46,0.0
3K22_AB,5Q0Z_AC,17,47,0.0
3K22_AB,5Q13_AC,17,48,0.0
3K22_AB,5Q14_AC,17,49,0.0
3K22_AB,5Q15_AC,17,50,0.0
3K22_AB,5Q16_AC,17,51,0.0
3K22_AB,5Q18_AC,17,52,0.0
3K22_AB,5Q19_AC,17,53,0.0
3K22_AB,5Q1A_AC,17,54,0.0
3K22_AB,5Q1B_AC,17,55,0.0
3K22_AB,5Q1C_AC,17,56,0.0
3K22_AB,5Q1D_AC,17,57,0.0
3K22_AB,5Q1F_AC,17,58,0.0
3K22_AB,5Q1H_AC,17,59,0.0
3K22_AB,5Q1H_AG,17,60,0.0
3K22_AB,5Q1H_CE,17,61,0.0
3K22_AB,5Q1H_EG,17,62,0.0
3K22_AB,5UC3_AB,17,63,0.4444444444444444
3K22_AB,5UFS_AB,17,64,0.0
3K22_AB,5Y49_AB,17,65,0.08
3K22_AB,5YXJ_AB,17,66,0.0
3K22_AB,5YXL_AC,17,67,0.0
3K22_AB,6A5W_AC,17,68,0.0
3K22_AB,6DXK_AB,17,69,0.0
3K22_AB,6ITM_AC,17,70,0.0
3K22_AB,6WMQ_AB,17,71,0.0
3K22_AB,7TRB_AB,17,72,0.0
3K22_AB,7YXD_AD,17,73,0.0
3K22_AB,7YXD_DH,17,74,0.15384615384615385
3K22_AB,7YXD_HL,17,75,0.0
3K22_AB,7YXO_AC,17,76,0.0
3K22_AB,7YXO_CE,17,77,0.0
3K22_AB,8BFF_BC,17,78,0.07317073170731707
3K22_AB,8HUK_AC,17,79,0.1794871794871795
3K23_BC,3OKI_AC,18,19,0.0
3K23_BC,3OLF_AC,18,20,0.0
3K23_BC,3OMK_AC,18,21,0.0
3K23_BC,3OMM_AC,18,22,0.0
3K23_BC,3OOF_AC,18,23,0.04
3K23_BC,3OOK_AC,18,24,0.0
3K23_BC,4MDD_AB,18,25,0.0
3K23_BC,4OIV_AB,18,26,0.0
3K23_BC,4P6X_AE,18,27,0.08695652173913043
3K23_BC,4P6X_AG,18,28,0.0
3K23_BC,4P6X_CE,18,29,0.0
3K23_BC,4P6X_CG,18,30,0.05263157894736842
3K23_BC,4P6X_CI,18,31,0.0
3K23_BC,4P6X_GI,18,32,0.0
3K23_BC,4P6X_GK,18,33,0.0
3K23_BC,4WVD_AB,18,34,0.021739130434782608
3K23_BC,5IAW_AB,18,35,0.0
3K23_BC,5ICK_AB,18,36,0.0
3K23_BC,5Q0J_AC,18,37,0.0
3K23_BC,5Q0L_AC,18,38,0.038461538461538464
3K23_BC,5Q0N_AC,18,39,0.0
3K23_BC,5Q0O_AC,18,40,0.0
3K23_BC,5Q0P_AC,18,41,0.0
3K23_BC,5Q0Q_AC,18,42,0.0
3K23_BC,5Q0S_AC,18,43,0.0
3K23_BC,5Q0U_AC,18,44,0.0
3K23_BC,5Q0V_AC,18,45,0.0
3K23_BC,5Q0Y_AC,18,46,0.0
3K23_BC,5Q0Z_AC,18,47,0.0
3K23_BC,5Q13_AC,18,48,0.0
3K23_BC,5Q14_AC,18,49,0.0
3K23_BC,5Q15_AC,18,50,0.0
3K23_BC,5Q16_AC,18,51,0.0
3K23_BC,5Q18_AC,18,52,0.0
3K23_BC,5Q19_AC,18,53,0.0
3K23_BC,5Q1A_AC,18,54,0.0
3K23_BC,5Q1B_AC,18,55,0.0
3K23_BC,5Q1C_AC,18,56,0.0
3K23_BC,5Q1D_AC,18,57,0.0
3K23_BC,5Q1F_AC,18,58,0.0
3K23_BC,5Q1H_AC,18,59,0.0
3K23_BC,5Q1H_AG,18,60,0.037037037037037035
3K23_BC,5Q1H_CE,18,61,0.037037037037037035
3K23_BC,5Q1H_EG,18,62,0.0
3K23_BC,5UC3_AB,18,63,0.03571428571428571
3K23_BC,5UFS_AB,18,64,0.0
3K23_BC,5Y49_AB,18,65,0.0
3K23_BC,5YXJ_AB,18,66,0.0
3K23_BC,5YXL_AC,18,67,0.0
3K23_BC,6A5W_AC,18,68,0.06756756756756757
3K23_BC,6DXK_AB,18,69,0.0
3K23_BC,6ITM_AC,18,70,0.0
3K23_BC,6WMQ_AB,18,71,0.05
3K23_BC,7TRB_AB,18,72,0.0
3K23_BC,7YXD_AD,18,73,0.07142857142857142
3K23_BC,7YXD_DH,18,74,0.0
3K23_BC,7YXD_HL,18,75,0.07142857142857142
3K23_BC,7YXO_AC,18,76,0.15
3K23_BC,7YXO_CE,18,77,0.0
3K23_BC,8BFF_BC,18,78,0.030303030303030304
3K23_BC,8HUK_AC,18,79,0.125
3OKI_AC,3OLF_AC,19,20,1.0
3OKI_AC,3OMK_AC,19,21,1.0
3OKI_AC,3OMM_AC,19,22,1.0
3OKI_AC,3OOF_AC,19,23,0.0
3OKI_AC,3OOK_AC,19,24,0.9090909090909091
3OKI_AC,4MDD_AB,19,25,0.0
3OKI_AC,4OIV_AB,19,26,0.015151515151515152
3OKI_AC,4P6X_AE,19,27,0.0
3OKI_AC,4P6X_AG,19,28,0.0
3OKI_AC,4P6X_CE,19,29,0.0
3OKI_AC,4P6X_CG,19,30,0.0
3OKI_AC,4P6X_CI,19,31,0.0
3OKI_AC,4P6X_GI,19,32,0.0
3OKI_AC,4P6X_GK,19,33,0.0
3OKI_AC,4WVD_AB,19,34,0.0
3OKI_AC,5IAW_AB,19,35,0.1875
3OKI_AC,5ICK_AB,19,36,0.0
3OKI_AC,5Q0J_AC,19,37,0.9166666666666666
3OKI_AC,5Q0L_AC,19,38,0.0
3OKI_AC,5Q0N_AC,19,39,0.9090909090909091
3OKI_AC,5Q0O_AC,19,40,0.8461538461538461
3OKI_AC,5Q0P_AC,19,41,1.0
3OKI_AC,5Q0Q_AC,19,42,0.06521739130434782
3OKI_AC,5Q0S_AC,19,43,1.0
3OKI_AC,5Q0U_AC,19,44,1.0
3OKI_AC,5Q0V_AC,19,45,1.0
3OKI_AC,5Q0Y_AC,19,46,1.0
3OKI_AC,5Q0Z_AC,19,47,0.9090909090909091
3OKI_AC,5Q13_AC,19,48,0.25
3OKI_AC,5Q14_AC,19,49,1.0
3OKI_AC,5Q15_AC,19,50,1.0
3OKI_AC,5Q16_AC,19,51,1.0
3OKI_AC,5Q18_AC,19,52,0.9166666666666666
3OKI_AC,5Q19_AC,19,53,1.0
3OKI_AC,5Q1A_AC,19,54,1.0
3OKI_AC,5Q1B_AC,19,55,0.8461538461538461
3OKI_AC,5Q1C_AC,19,56,1.0
3OKI_AC,5Q1D_AC,19,57,1.0
3OKI_AC,5Q1F_AC,19,58,1.0
3OKI_AC,5Q1H_AC,19,59,0.9166666666666666
3OKI_AC,5Q1H_AG,19,60,0.0
3OKI_AC,5Q1H_CE,19,61,0.0
3OKI_AC,5Q1H_EG,19,62,0.9166666666666666
3OKI_AC,5UC3_AB,19,63,0.0
3OKI_AC,5UFS_AB,19,64,0.0
3OKI_AC,5Y49_AB,19,65,0.07142857142857142
3OKI_AC,5YXJ_AB,19,66,0.0
3OKI_AC,5YXL_AC,19,67,0.043478260869565216
3OKI_AC,6A5W_AC,19,68,0.0
3OKI_AC,6DXK_AB,19,69,0.06666666666666667
3OKI_AC,6ITM_AC,19,70,0.043478260869565216
3OKI_AC,6WMQ_AB,19,71,0.0
3OKI_AC,7TRB_AB,19,72,0.0392156862745098
3OKI_AC,7YXD_AD,19,73,0.0
3OKI_AC,7YXD_DH,19,74,0.0
3OKI_AC,7YXD_HL,19,75,0.0
3OKI_AC,7YXO_AC,19,76,0.0
3OKI_AC,7YXO_CE,19,77,0.0
3OKI_AC,8BFF_BC,19,78,0.23076923076923078
3OKI_AC,8HUK_AC,19,79,0.0
3OLF_AC,3OMK_AC,20,21,1.0
3OLF_AC,3OMM_AC,20,22,1.0
3OLF_AC,3OOF_AC,20,23,0.0
3OLF_AC,3OOK_AC,20,24,0.9090909090909091
3OLF_AC,4MDD_AB,20,25,0.0
3OLF_AC,4OIV_AB,20,26,0.015151515151515152
3OLF_AC,4P6X_AE,20,27,0.0
3OLF_AC,4P6X_AG,20,28,0.0
3OLF_AC,4P6X_CE,20,29,0.0
3OLF_AC,4P6X_CG,20,30,0.0
3OLF_AC,4P6X_CI,20,31,0.0
3OLF_AC,4P6X_GI,20,32,0.0
3OLF_AC,4P6X_GK,20,33,0.0
3OLF_AC,4WVD_AB,20,34,0.0
3OLF_AC,5IAW_AB,20,35,0.1875
3OLF_AC,5ICK_AB,20,36,0.0
3OLF_AC,5Q0J_AC,20,37,0.9166666666666666
3OLF_AC,5Q0L_AC,20,38,0.0
3OLF_AC,5Q0N_AC,20,39,0.9090909090909091
3OLF_AC,5Q0O_AC,20,40,0.8461538461538461
3OLF_AC,5Q0P_AC,20,41,1.0
3OLF_AC,5Q0Q_AC,20,42,0.06521739130434782
3OLF_AC,5Q0S_AC,20,43,1.0
3OLF_AC,5Q0U_AC,20,44,1.0
3OLF_AC,5Q0V_AC,20,45,1.0
3OLF_AC,5Q0Y_AC,20,46,1.0
3OLF_AC,5Q0Z_AC,20,47,0.9090909090909091
3OLF_AC,5Q13_AC,20,48,0.25
3OLF_AC,5Q14_AC,20,49,1.0
3OLF_AC,5Q15_AC,20,50,1.0
3OLF_AC,5Q16_AC,20,51,1.0
3OLF_AC,5Q18_AC,20,52,0.9166666666666666
3OLF_AC,5Q19_AC,20,53,1.0
3OLF_AC,5Q1A_AC,20,54,1.0
3OLF_AC,5Q1B_AC,20,55,0.8461538461538461
3OLF_AC,5Q1C_AC,20,56,1.0
3OLF_AC,5Q1D_AC,20,57,1.0
3OLF_AC,5Q1F_AC,20,58,1.0
3OLF_AC,5Q1H_AC,20,59,0.9166666666666666
3OLF_AC,5Q1H_AG,20,60,0.0
3OLF_AC,5Q1H_CE,20,61,0.0
3OLF_AC,5Q1H_EG,20,62,0.9166666666666666
3OLF_AC,5UC3_AB,20,63,0.0
3OLF_AC,5UFS_AB,20,64,0.0
3OLF_AC,5Y49_AB,20,65,0.07142857142857142
3OLF_AC,5YXJ_AB,20,66,0.0
3OLF_AC,5YXL_AC,20,67,0.043478260869565216
3OLF_AC,6A5W_AC,20,68,0.0
3OLF_AC,6DXK_AB,20,69,0.06666666666666667
3OLF_AC,6ITM_AC,20,70,0.043478260869565216
3OLF_AC,6WMQ_AB,20,71,0.0
3OLF_AC,7TRB_AB,20,72,0.0392156862745098
3OLF_AC,7YXD_AD,20,73,0.0
3OLF_AC,7YXD_DH,20,74,0.0
3OLF_AC,7YXD_HL,20,75,0.0
3OLF_AC,7YXO_AC,20,76,0.0
3OLF_AC,7YXO_CE,20,77,0.0
3OLF_AC,8BFF_BC,20,78,0.23076923076923078
3OLF_AC,8HUK_AC,20,79,0.0
3OMK_AC,3OMM_AC,21,22,1.0
3OMK_AC,3OOF_AC,21,23,0.0
3OMK_AC,3OOK_AC,21,24,0.9090909090909091
3OMK_AC,4MDD_AB,21,25,0.0
3OMK_AC,4OIV_AB,21,26,0.015151515151515152
3OMK_AC,4P6X_AE,21,27,0.0
3OMK_AC,4P6X_AG,21,28,0.0
3OMK_AC,4P6X_CE,21,29,0.0
3OMK_AC,4P6X_CG,21,30,0.0
3OMK_AC,4P6X_CI,21,31,0.0
3OMK_AC,4P6X_GI,21,32,0.0
3OMK_AC,4P6X_GK,21,33,0.0
3OMK_AC,4WVD_AB,21,34,0.0
3OMK_AC,5IAW_AB,21,35,0.1875
3OMK_AC,5ICK_AB,21,36,0.0
3OMK_AC,5Q0J_AC,21,37,0.9166666666666666
3OMK_AC,5Q0L_AC,21,38,0.0
3OMK_AC,5Q0N_AC,21,39,0.9090909090909091
3OMK_AC,5Q0O_AC,21,40,0.8461538461538461
3OMK_AC,5Q0P_AC,21,41,1.0
3OMK_AC,5Q0Q_AC,21,42,0.06521739130434782
3OMK_AC,5Q0S_AC,21,43,1.0
3OMK_AC,5Q0U_AC,21,44,1.0
3OMK_AC,5Q0V_AC,21,45,1.0
3OMK_AC,5Q0Y_AC,21,46,1.0
3OMK_AC,5Q0Z_AC,21,47,0.9090909090909091
3OMK_AC,5Q13_AC,21,48,0.25
3OMK_AC,5Q14_AC,21,49,1.0
3OMK_AC,5Q15_AC,21,50,1.0
3OMK_AC,5Q16_AC,21,51,1.0
3OMK_AC,5Q18_AC,21,52,0.9166666666666666
3OMK_AC,5Q19_AC,21,53,1.0
3OMK_AC,5Q1A_AC,21,54,1.0
3OMK_AC,5Q1B_AC,21,55,0.8461538461538461
3OMK_AC,5Q1C_AC,21,56,1.0
3OMK_AC,5Q1D_AC,21,57,1.0
3OMK_AC,5Q1F_AC,21,58,1.0
3OMK_AC,5Q1H_AC,21,59,0.9166666666666666
3OMK_AC,5Q1H_AG,21,60,0.0
3OMK_AC,5Q1H_CE,21,61,0.0
3OMK_AC,5Q1H_EG,21,62,0.9166666666666666
3OMK_AC,5UC3_AB,21,63,0.0
3OMK_AC,5UFS_AB,21,64,0.0
3OMK_AC,5Y49_AB,21,65,0.07142857142857142
3OMK_AC,5YXJ_AB,21,66,0.0
3OMK_AC,5YXL_AC,21,67,0.043478260869565216
3OMK_AC,6A5W_AC,21,68,0.0
3OMK_AC,6DXK_AB,21,69,0.06666666666666667
3OMK_AC,6ITM_AC,21,70,0.043478260869565216
3OMK_AC,6WMQ_AB,21,71,0.0
3OMK_AC,7TRB_AB,21,72,0.0392156862745098
3OMK_AC,7YXD_AD,21,73,0.0
3OMK_AC,7YXD_DH,21,74,0.0
3OMK_AC,7YXD_HL,21,75,0.0
3OMK_AC,7YXO_AC,21,76,0.0
3OMK_AC,7YXO_CE,21,77,0.0
3OMK_AC,8BFF_BC,21,78,0.23076923076923078
3OMK_AC,8HUK_AC,21,79,0.0
3OMM_AC,3OOF_AC,22,23,0.0
3OMM_AC,3OOK_AC,22,24,0.9090909090909091
3OMM_AC,4MDD_AB,22,25,0.0
3OMM_AC,4OIV_AB,22,26,0.015151515151515152
3OMM_AC,4P6X_AE,22,27,0.0
3OMM_AC,4P6X_AG,22,28,0.0
3OMM_AC,4P6X_CE,22,29,0.0
3OMM_AC,4P6X_CG,22,30,0.0
3OMM_AC,4P6X_CI,22,31,0.0
3OMM_AC,4P6X_GI,22,32,0.0
3OMM_AC,4P6X_GK,22,33,0.0
3OMM_AC,4WVD_AB,22,34,0.0
3OMM_AC,5IAW_AB,22,35,0.1875
3OMM_AC,5ICK_AB,22,36,0.0
3OMM_AC,5Q0J_AC,22,37,0.9166666666666666
3OMM_AC,5Q0L_AC,22,38,0.0
3OMM_AC,5Q0N_AC,22,39,0.9090909090909091
3OMM_AC,5Q0O_AC,22,40,0.8461538461538461
3OMM_AC,5Q0P_AC,22,41,1.0
3OMM_AC,5Q0Q_AC,22,42,0.06521739130434782
3OMM_AC,5Q0S_AC,22,43,1.0
3OMM_AC,5Q0U_AC,22,44,1.0
3OMM_AC,5Q0V_AC,22,45,1.0
3OMM_AC,5Q0Y_AC,22,46,1.0
3OMM_AC,5Q0Z_AC,22,47,0.9090909090909091
3OMM_AC,5Q13_AC,22,48,0.25
3OMM_AC,5Q14_AC,22,49,1.0
3OMM_AC,5Q15_AC,22,50,1.0
3OMM_AC,5Q16_AC,22,51,1.0
3OMM_AC,5Q18_AC,22,52,0.9166666666666666
3OMM_AC,5Q19_AC,22,53,1.0
3OMM_AC,5Q1A_AC,22,54,1.0
3OMM_AC,5Q1B_AC,22,55,0.8461538461538461
3OMM_AC,5Q1C_AC,22,56,1.0
3OMM_AC,5Q1D_AC,22,57,1.0
3OMM_AC,5Q1F_AC,22,58,1.0
3OMM_AC,5Q1H_AC,22,59,0.9166666666666666
3OMM_AC,5Q1H_AG,22,60,0.0
3OMM_AC,5Q1H_CE,22,61,0.0
3OMM_AC,5Q1H_EG,22,62,0.9166666666666666
3OMM_AC,5UC3_AB,22,63,0.0
3OMM_AC,5UFS_AB,22,64,0.0
3OMM_AC,5Y49_AB,22,65,0.07142857142857142
3OMM_AC,5YXJ_AB,22,66,0.0
3OMM_AC,5YXL_AC,22,67,0.043478260869565216
3OMM_AC,6A5W_AC,22,68,0.0
3OMM_AC,6DXK_AB,22,69,0.06666666666666667
3OMM_AC,6ITM_AC,22,70,0.043478260869565216
3OMM_AC,6WMQ_AB,22,71,0.0
3OMM_AC,7TRB_AB,22,72,0.0392156862745098
3OMM_AC,7YXD_AD,22,73,0.0
3OMM_AC,7YXD_DH,22,74,0.0
3OMM_AC,7YXD_HL,22,75,0.0
3OMM_AC,7YXO_AC,22,76,0.0
3OMM_AC,7YXO_CE,22,77,0.0
3OMM_AC,8BFF_BC,22,78,0.23076923076923078
3OMM_AC,8HUK_AC,22,79,0.0
3OOF_AC,3OOK_AC,23,24,0.0
3OOF_AC,4MDD_AB,23,25,0.0
3OOF_AC,4OIV_AB,23,26,0.0
3OOF_AC,4P6X_AE,23,27,0.04054054054054054
3OOF_AC,4P6X_AG,23,28,0.015151515151515152
3OOF_AC,4P6X_CE,23,29,0.015151515151515152
3OOF_AC,4P6X_CG,23,30,0.0
3OOF_AC,4P6X_CI,23,31,0.0
3OOF_AC,4P6X_GI,23,32,0.0
3OOF_AC,4P6X_GK,23,33,0.0
3OOF_AC,4WVD_AB,23,34,0.0
3OOF_AC,5IAW_AB,23,35,0.07352941176470588
3OOF_AC,5ICK_AB,23,36,0.0
3OOF_AC,5Q0J_AC,23,37,0.013157894736842105
3OOF_AC,5Q0L_AC,23,38,0.927536231884058
3OOF_AC,5Q0N_AC,23,39,0.0
3OOF_AC,5Q0O_AC,23,40,0.012987012987012988
3OOF_AC,5Q0P_AC,23,41,0.0
3OOF_AC,5Q0Q_AC,23,42,0.2261904761904762
3OOF_AC,5Q0S_AC,23,43,0.0
3OOF_AC,5Q0U_AC,23,44,0.0
3OOF_AC,5Q0V_AC,23,45,0.0
3OOF_AC,5Q0Y_AC,23,46,0.0
3OOF_AC,5Q0Z_AC,23,47,0.0
3OOF_AC,5Q13_AC,23,48,0.0
3OOF_AC,5Q14_AC,23,49,0.0
3OOF_AC,5Q15_AC,23,50,0.0
3OOF_AC,5Q16_AC,23,51,0.0
3OOF_AC,5Q18_AC,23,52,0.013157894736842105
3OOF_AC,5Q19_AC,23,53,0.0
3OOF_AC,5Q1A_AC,23,54,0.0
3OOF_AC,5Q1B_AC,23,55,0.012987012987012988
3OOF_AC,5Q1C_AC,23,56,0.0
3OOF_AC,5Q1D_AC,23,57,0.0
3OOF_AC,5Q1F_AC,23,58,0.0
3OOF_AC,5Q1H_AC,23,59,0.0
3OOF_AC,5Q1H_AG,23,60,0.8888888888888888
3OOF_AC,5Q1H_CE,23,61,0.863013698630137
3OOF_AC,5Q1H_EG,23,62,0.0
3OOF_AC,5UC3_AB,23,63,0.0
3OOF_AC,5UFS_AB,23,64,0.0
3OOF_AC,5Y49_AB,23,65,0.014705882352941176
3OOF_AC,5YXJ_AB,23,66,0.0
3OOF_AC,5YXL_AC,23,67,0.21428571428571427
3OOF_AC,6A5W_AC,23,68,0.27184466019417475
3OOF_AC,6DXK_AB,23,69,0.014492753623188406
3OOF_AC,6ITM_AC,23,70,0.21428571428571427
3OOF_AC,6WMQ_AB,23,71,0.44680851063829785
3OOF_AC,7TRB_AB,23,72,0.22988505747126436
3OOF_AC,7YXD_AD,23,73,0.0
3OOF_AC,7YXD_DH,23,74,0.0
3OOF_AC,7YXD_HL,23,75,0.0
3OOF_AC,7YXO_AC,23,76,0.013513513513513514
3OOF_AC,7YXO_CE,23,77,0.0
3OOF_AC,8BFF_BC,23,78,0.011764705882352941
3OOF_AC,8HUK_AC,23,79,0.08641975308641975
3OOK_AC,4MDD_AB,24,25,0.0
3OOK_AC,4OIV_AB,24,26,0.015384615384615385
3OOK_AC,4P6X_AE,24,27,0.0
3OOK_AC,4P6X_AG,24,28,0.0
3OOK_AC,4P6X_CE,24,29,0.0
3OOK_AC,4P6X_CG,24,30,0.0
3OOK_AC,4P6X_CI,24,31,0.0
3OOK_AC,4P6X_GI,24,32,0.0
3OOK_AC,4P6X_GK,24,33,0.0
3OOK_AC,4WVD_AB,24,34,0.0
3OOK_AC,5IAW_AB,24,35,0.2
3OOK_AC,5ICK_AB,24,36,0.0
3OOK_AC,5Q0J_AC,24,37,0.8333333333333334
3OOK_AC,5Q0L_AC,24,38,0.0
3OOK_AC,5Q0N_AC,24,39,0.8181818181818182
3OOK_AC,5Q0O_AC,24,40,0.7692307692307693
3OOK_AC,5Q0P_AC,24,41,0.9090909090909091
3OOK_AC,5Q0Q_AC,24,42,0.06666666666666667
3OOK_AC,5Q0S_AC,24,43,0.9090909090909091
3OOK_AC,5Q0U_AC,24,44,0.9090909090909091
3OOK_AC,5Q0V_AC,24,45,0.9090909090909091
3OOK_AC,5Q0Y_AC,24,46,0.9090909090909091
3OOK_AC,5Q0Z_AC,24,47,1.0
3OOK_AC,5Q13_AC,24,48,0.26666666666666666
3OOK_AC,5Q14_AC,24,49,0.9090909090909091
3OOK_AC,5Q15_AC,24,50,0.9090909090909091
3OOK_AC,5Q16_AC,24,51,0.9090909090909091
3OOK_AC,5Q18_AC,24,52,0.8333333333333334
3OOK_AC,5Q19_AC,24,53,0.9090909090909091
3OOK_AC,5Q1A_AC,24,54,0.9090909090909091
3OOK_AC,5Q1B_AC,24,55,0.7692307692307693
3OOK_AC,5Q1C_AC,24,56,0.9090909090909091
3OOK_AC,5Q1D_AC,24,57,0.9090909090909091
3OOK_AC,5Q1F_AC,24,58,0.9090909090909091
3OOK_AC,5Q1H_AC,24,59,0.8333333333333334
3OOK_AC,5Q1H_AG,24,60,0.0
3OOK_AC,5Q1H_CE,24,61,0.0
3OOK_AC,5Q1H_EG,24,62,0.8333333333333334
3OOK_AC,5UC3_AB,24,63,0.0
3OOK_AC,5UFS_AB,24,64,0.0
3OOK_AC,5Y49_AB,24,65,0.07692307692307693
3OOK_AC,5YXJ_AB,24,66,0.0
3OOK_AC,5YXL_AC,24,67,0.044444444444444446
3OOK_AC,6A5W_AC,24,68,0.0
3OOK_AC,6DXK_AB,24,69,0.07142857142857142
3OOK_AC,6ITM_AC,24,70,0.044444444444444446
3OOK_AC,6WMQ_AB,24,71,0.0
3OOK_AC,7TRB_AB,24,72,0.04
3OOK_AC,7YXD_AD,24,73,0.0
3OOK_AC,7YXD_DH,24,74,0.0
3OOK_AC,7YXD_HL,24,75,0.0
3OOK_AC,7YXO_AC,24,76,0.0
3OOK_AC,7YXO_CE,24,77,0.0
3OOK_AC,8BFF_BC,24,78,0.19230769230769232
3OOK_AC,8HUK_AC,24,79,0.0
4MDD_AB,4OIV_AB,25,26,0.03571428571428571
4MDD_AB,4P6X_AE,25,27,0.0
4MDD_AB,4P6X_AG,25,28,0.0
4MDD_AB,4P6X_CE,25,29,0.0
4MDD_AB,4P6X_CG,25,30,0.0
4MDD_AB,4P6X_CI,25,31,0.0
4MDD_AB,4P6X_GI,25,32,0.0
4MDD_AB,4P6X_GK,25,33,0.0
4MDD_AB,4WVD_AB,25,34,0.0
4MDD_AB,5IAW_AB,25,35,0.0
4MDD_AB,5ICK_AB,25,36,0.0
4MDD_AB,5Q0J_AC,25,37,0.0
4MDD_AB,5Q0L_AC,25,38,0.0
4MDD_AB,5Q0N_AC,25,39,0.0
4MDD_AB,5Q0O_AC,25,40,0.0
4MDD_AB,5Q0P_AC,25,41,0.0
4MDD_AB,5Q0Q_AC,25,42,0.0
4MDD_AB,5Q0S_AC,25,43,0.0
4MDD_AB,5Q0U_AC,25,44,0.0
4MDD_AB,5Q0V_AC,25,45,0.0
4MDD_AB,5Q0Y_AC,25,46,0.0
4MDD_AB,5Q0Z_AC,25,47,0.0
4MDD_AB,5Q13_AC,25,48,0.1
4MDD_AB,5Q14_AC,25,49,0.0
4MDD_AB,5Q15_AC,25,50,0.0
4MDD_AB,5Q16_AC,25,51,0.0
4MDD_AB,5Q18_AC,25,52,0.0
4MDD_AB,5Q19_AC,25,53,0.0
4MDD_AB,5Q1A_AC,25,54,0.0
4MDD_AB,5Q1B_AC,25,55,0.0
4MDD_AB,5Q1C_AC,25,56,0.0
4MDD_AB,5Q1D_AC,25,57,0.0
4MDD_AB,5Q1F_AC,25,58,0.0
4MDD_AB,5Q1H_AC,25,59,0.0
4MDD_AB,5Q1H_AG,25,60,0.0
4MDD_AB,5Q1H_CE,25,61,0.0
4MDD_AB,5Q1H_EG,25,62,0.0
4MDD_AB,5UC3_AB,25,63,0.0
4MDD_AB,5UFS_AB,25,64,0.0
4MDD_AB,5Y49_AB,25,65,0.0
4MDD_AB,5YXJ_AB,25,66,0.14285714285714285
4MDD_AB,5YXL_AC,25,67,0.0
4MDD_AB,6A5W_AC,25,68,0.0
4MDD_AB,6DXK_AB,25,69,0.0
4MDD_AB,6ITM_AC,25,70,0.0
4MDD_AB,6WMQ_AB,25,71,0.0
4MDD_AB,7TRB_AB,25,72,0.0
4MDD_AB,7YXD_AD,25,73,0.0
4MDD_AB,7YXD_DH,25,74,0.0
4MDD_AB,7YXD_HL,25,75,0.0
4MDD_AB,7YXO_AC,25,76,0.0
4MDD_AB,7YXO_CE,25,77,0.0
4MDD_AB,8BFF_BC,25,78,0.0
4MDD_AB,8HUK_AC,25,79,0.0
4OIV_AB,4P6X_AE,26,27,0.0625
4OIV_AB,4P6X_AG,26,28,0.0
4OIV_AB,4P6X_CE,26,29,0.0
4OIV_AB,4P6X_CG,26,30,0.0
4OIV_AB,4P6X_CI,26,31,0.0
4OIV_AB,4P6X_GI,26,32,0.0
4OIV_AB,4P6X_GK,26,33,0.0
4OIV_AB,4WVD_AB,26,34,0.0
4OIV_AB,5IAW_AB,26,35,0.0
4OIV_AB,5ICK_AB,26,36,0.0
4OIV_AB,5Q0J_AC,26,37,0.014925373134328358
4OIV_AB,5Q0L_AC,26,38,0.0
4OIV_AB,5Q0N_AC,26,39,0.015384615384615385
4OIV_AB,5Q0O_AC,26,40,0.014705882352941176
4OIV_AB,5Q0P_AC,26,41,0.015151515151515152
4OIV_AB,5Q0Q_AC,26,42,0.0
4OIV_AB,5Q0S_AC,26,43,0.015151515151515152
4OIV_AB,5Q0U_AC,26,44,0.015151515151515152
4OIV_AB,5Q0V_AC,26,45,0.015151515151515152
4OIV_AB,5Q0Y_AC,26,46,0.015151515151515152
4OIV_AB,5Q0Z_AC,26,47,0.015384615384615385
4OIV_AB,5Q13_AC,26,48,0.08333333333333333
4OIV_AB,5Q14_AC,26,49,0.015151515151515152
4OIV_AB,5Q15_AC,26,50,0.015151515151515152
4OIV_AB,5Q16_AC,26,51,0.015151515151515152
4OIV_AB,5Q18_AC,26,52,0.014925373134328358
4OIV_AB,5Q19_AC,26,53,0.015151515151515152
4OIV_AB,5Q1A_AC,26,54,0.015151515151515152
4OIV_AB,5Q1B_AC,26,55,0.014705882352941176
4OIV_AB,5Q1C_AC,26,56,0.015151515151515152
4OIV_AB,5Q1D_AC,26,57,0.015151515151515152
4OIV_AB,5Q1F_AC,26,58,0.015151515151515152
4OIV_AB,5Q1H_AC,26,59,0.014925373134328358
4OIV_AB,5Q1H_AG,26,60,0.0
4OIV_AB,5Q1H_CE,26,61,0.0
4OIV_AB,5Q1H_EG,26,62,0.014925373134328358
4OIV_AB,5UC3_AB,26,63,0.0
4OIV_AB,5UFS_AB,26,64,0.0
4OIV_AB,5Y49_AB,26,65,0.0
4OIV_AB,5YXJ_AB,26,66,0.06896551724137931
4OIV_AB,5YXL_AC,26,67,0.0
4OIV_AB,6A5W_AC,26,68,0.008264462809917356
4OIV_AB,6DXK_AB,26,69,0.0
4OIV_AB,6ITM_AC,26,70,0.0
4OIV_AB,6WMQ_AB,26,71,0.0
4OIV_AB,7TRB_AB,26,72,0.0
4OIV_AB,7YXD_AD,26,73,0.017543859649122806
4OIV_AB,7YXD_DH,26,74,0.0
4OIV_AB,7YXD_HL,26,75,0.017543859649122806
4OIV_AB,7YXO_AC,26,76,0.047619047619047616
4OIV_AB,7YXO_CE,26,77,0.0
4OIV_AB,8BFF_BC,26,78,0.0
4OIV_AB,8HUK_AC,26,79,0.0
4P6X_AE,4P6X_AG,27,28,0.0
4P6X_AE,4P6X_CE,27,29,0.0
4P6X_AE,4P6X_CG,27,30,0.0
4P6X_AE,4P6X_CI,27,31,0.0
4P6X_AE,4P6X_GI,27,32,0.0
4P6X_AE,4P6X_GK,27,33,0.0
4P6X_AE,4WVD_AB,27,34,0.0
4P6X_AE,5IAW_AB,27,35,0.0
4P6X_AE,5ICK_AB,27,36,0.0
4P6X_AE,5Q0J_AC,27,37,0.0
4P6X_AE,5Q0L_AC,27,38,0.03896103896103896
4P6X_AE,5Q0N_AC,27,39,0.0
4P6X_AE,5Q0O_AC,27,40,0.0
4P6X_AE,5Q0P_AC,27,41,0.0
4P6X_AE,5Q0Q_AC,27,42,0.0
4P6X_AE,5Q0S_AC,27,43,0.0
4P6X_AE,5Q0U_AC,27,44,0.0
4P6X_AE,5Q0V_AC,27,45,0.0
4P6X_AE,5Q0Y_AC,27,46,0.0
4P6X_AE,5Q0Z_AC,27,47,0.0
4P6X_AE,5Q13_AC,27,48,0.0
4P6X_AE,5Q14_AC,27,49,0.0
4P6X_AE,5Q15_AC,27,50,0.0
4P6X_AE,5Q16_AC,27,51,0.0
4P6X_AE,5Q18_AC,27,52,0.0
4P6X_AE,5Q19_AC,27,53,0.0
4P6X_AE,5Q1A_AC,27,54,0.0
4P6X_AE,5Q1B_AC,27,55,0.0
4P6X_AE,5Q1C_AC,27,56,0.0
4P6X_AE,5Q1D_AC,27,57,0.0
4P6X_AE,5Q1F_AC,27,58,0.0
4P6X_AE,5Q1H_AC,27,59,0.0
4P6X_AE,5Q1H_AG,27,60,0.05063291139240506
4P6X_AE,5Q1H_CE,27,61,0.05063291139240506
4P6X_AE,5Q1H_EG,27,62,0.0
4P6X_AE,5UC3_AB,27,63,0.0
4P6X_AE,5UFS_AB,27,64,0.0
4P6X_AE,5Y49_AB,27,65,0.0
4P6X_AE,5YXJ_AB,27,66,0.0
4P6X_AE,5YXL_AC,27,67,0.0
4P6X_AE,6A5W_AC,27,68,0.11428571428571428
4P6X_AE,6DXK_AB,27,69,0.0
4P6X_AE,6ITM_AC,27,70,0.0
4P6X_AE,6WMQ_AB,27,71,0.10666666666666667
4P6X_AE,7TRB_AB,27,72,0.0
4P6X_AE,7YXD_AD,27,73,0.07692307692307693
4P6X_AE,7YXD_DH,27,74,0.0
4P6X_AE,7YXD_HL,27,75,0.07692307692307693
4P6X_AE,7YXO_AC,27,76,0.1
4P6X_AE,7YXO_CE,27,77,0.0
4P6X_AE,8BFF_BC,27,78,0.0
4P6X_AE,8HUK_AC,27,79,0.0
4P6X_AG,4P6X_CE,28,29,1.0
4P6X_AG,4P6X_CG,28,30,0.03571428571428571
4P6X_AG,4P6X_CI,28,31,0.0
4P6X_AG,4P6X_GI,28,32,0.0
4P6X_AG,4P6X_GK,28,33,0.0
4P6X_AG,4WVD_AB,28,34,0.0
4P6X_AG,5IAW_AB,28,35,0.0
4P6X_AG,5ICK_AB,28,36,0.0
4P6X_AG,5Q0J_AC,28,37,0.0
4P6X_AG,5Q0L_AC,28,38,0.014492753623188406
4P6X_AG,5Q0N_AC,28,39,0.0
4P6X_AG,5Q0O_AC,28,40,0.0
4P6X_AG,5Q0P_AC,28,41,0.0
4P6X_AG,5Q0Q_AC,28,42,0.0
4P6X_AG,5Q0S_AC,28,43,0.0
4P6X_AG,5Q0U_AC,28,44,0.0
4P6X_AG,5Q0V_AC,28,45,0.0
4P6X_AG,5Q0Y_AC,28,46,0.0
4P6X_AG,5Q0Z_AC,28,47,0.0
4P6X_AG,5Q13_AC,28,48,0.0
4P6X_AG,5Q14_AC,28,49,0.0
4P6X_AG,5Q15_AC,28,50,0.0
4P6X_AG,5Q16_AC,28,51,0.0
4P6X_AG,5Q18_AC,28,52,0.0
4P6X_AG,5Q19_AC,28,53,0.0
4P6X_AG,5Q1A_AC,28,54,0.0
4P6X_AG,5Q1B_AC,28,55,0.0
4P6X_AG,5Q1C_AC,28,56,0.0
4P6X_AG,5Q1D_AC,28,57,0.0
4P6X_AG,5Q1F_AC,28,58,0.0
4P6X_AG,5Q1H_AC,28,59,0.0
4P6X_AG,5Q1H_AG,28,60,0.013888888888888888
4P6X_AG,5Q1H_CE,28,61,0.013888888888888888
4P6X_AG,5Q1H_EG,28,62,0.0
4P6X_AG,5UC3_AB,28,63,0.0
4P6X_AG,5UFS_AB,28,64,0.0
4P6X_AG,5Y49_AB,28,65,0.0
4P6X_AG,5YXJ_AB,28,66,0.0
4P6X_AG,5YXL_AC,28,67,0.0
4P6X_AG,6A5W_AC,28,68,0.0
4P6X_AG,6DXK_AB,28,69,0.0
4P6X_AG,6ITM_AC,28,70,0.0
4P6X_AG,6WMQ_AB,28,71,0.0
4P6X_AG,7TRB_AB,28,72,0.0
4P6X_AG,7YXD_AD,28,73,0.0
4P6X_AG,7YXD_DH,28,74,0.0
4P6X_AG,7YXD_HL,28,75,0.0
4P6X_AG,7YXO_AC,28,76,0.0
4P6X_AG,7YXO_CE,28,77,0.0
4P6X_AG,8BFF_BC,28,78,0.0
4P6X_AG,8HUK_AC,28,79,0.0
4P6X_CE,4P6X_CG,29,30,0.03571428571428571
4P6X_CE,4P6X_CI,29,31,0.0
4P6X_CE,4P6X_GI,29,32,0.0
4P6X_CE,4P6X_GK,29,33,0.0
4P6X_CE,4WVD_AB,29,34,0.0
4P6X_CE,5IAW_AB,29,35,0.0
4P6X_CE,5ICK_AB,29,36,0.0
4P6X_CE,5Q0J_AC,29,37,0.0
4P6X_CE,5Q0L_AC,29,38,0.014492753623188406
4P6X_CE,5Q0N_AC,29,39,0.0
4P6X_CE,5Q0O_AC,29,40,0.0
4P6X_CE,5Q0P_AC,29,41,0.0
4P6X_CE,5Q0Q_AC,29,42,0.0
4P6X_CE,5Q0S_AC,29,43,0.0
4P6X_CE,5Q0U_AC,29,44,0.0
4P6X_CE,5Q0V_AC,29,45,0.0
4P6X_CE,5Q0Y_AC,29,46,0.0
4P6X_CE,5Q0Z_AC,29,47,0.0
4P6X_CE,5Q13_AC,29,48,0.0
4P6X_CE,5Q14_AC,29,49,0.0
4P6X_CE,5Q15_AC,29,50,0.0
4P6X_CE,5Q16_AC,29,51,0.0
4P6X_CE,5Q18_AC,29,52,0.0
4P6X_CE,5Q19_AC,29,53,0.0
4P6X_CE,5Q1A_AC,29,54,0.0
4P6X_CE,5Q1B_AC,29,55,0.0
4P6X_CE,5Q1C_AC,29,56,0.0
4P6X_CE,5Q1D_AC,29,57,0.0
4P6X_CE,5Q1F_AC,29,58,0.0
4P6X_CE,5Q1H_AC,29,59,0.0
4P6X_CE,5Q1H_AG,29,60,0.013888888888888888
4P6X_CE,5Q1H_CE,29,61,0.013888888888888888
4P6X_CE,5Q1H_EG,29,62,0.0
4P6X_CE,5UC3_AB,29,63,0.0
4P6X_CE,5UFS_AB,29,64,0.0
4P6X_CE,5Y49_AB,29,65,0.0
4P6X_CE,5YXJ_AB,29,66,0.0
4P6X_CE,5YXL_AC,29,67,0.0
4P6X_CE,6A5W_AC,29,68,0.0
4P6X_CE,6DXK_AB,29,69,0.0
4P6X_CE,6ITM_AC,29,70,0.0
4P6X_CE,6WMQ_AB,29,71,0.0
4P6X_CE,7TRB_AB,29,72,0.0
4P6X_CE,7YXD_AD,29,73,0.0
4P6X_CE,7YXD_DH,29,74,0.0
4P6X_CE,7YXD_HL,29,75,0.0
4P6X_CE,7YXO_AC,29,76,0.0
4P6X_CE,7YXO_CE,29,77,0.0
4P6X_CE,8BFF_BC,29,78,0.0
4P6X_CE,8HUK_AC,29,79,0.0
4P6X_CG,4P6X_CI,30,31,0.0
4P6X_CG,4P6X_GI,30,32,0.0
4P6X_CG,4P6X_GK,30,33,0.0
4P6X_CG,4WVD_AB,30,34,0.35555555555555557
4P6X_CG,5IAW_AB,30,35,0.0
4P6X_CG,5ICK_AB,30,36,0.0
4P6X_CG,5Q0J_AC,30,37,0.0
4P6X_CG,5Q0L_AC,30,38,0.0
4P6X_CG,5Q0N_AC,30,39,0.0
4P6X_CG,5Q0O_AC,30,40,0.0
4P6X_CG,5Q0P_AC,30,41,0.0
4P6X_CG,5Q0Q_AC,30,42,0.0
4P6X_CG,5Q0S_AC,30,43,0.0
4P6X_CG,5Q0U_AC,30,44,0.0
4P6X_CG,5Q0V_AC,30,45,0.0
4P6X_CG,5Q0Y_AC,30,46,0.0
4P6X_CG,5Q0Z_AC,30,47,0.0
4P6X_CG,5Q13_AC,30,48,0.0
4P6X_CG,5Q14_AC,30,49,0.0
4P6X_CG,5Q15_AC,30,50,0.0
4P6X_CG,5Q16_AC,30,51,0.0
4P6X_CG,5Q18_AC,30,52,0.0
4P6X_CG,5Q19_AC,30,53,0.0
4P6X_CG,5Q1A_AC,30,54,0.0
4P6X_CG,5Q1B_AC,30,55,0.0
4P6X_CG,5Q1C_AC,30,56,0.0
4P6X_CG,5Q1D_AC,30,57,0.0
4P6X_CG,5Q1F_AC,30,58,0.0
4P6X_CG,5Q1H_AC,30,59,0.0
4P6X_CG,5Q1H_AG,30,60,0.0
4P6X_CG,5Q1H_CE,30,61,0.0
4P6X_CG,5Q1H_EG,30,62,0.0
4P6X_CG,5UC3_AB,30,63,0.4827586206896552
4P6X_CG,5UFS_AB,30,64,0.0
4P6X_CG,5Y49_AB,30,65,0.06896551724137931
4P6X_CG,5YXJ_AB,30,66,0.0
4P6X_CG,5YXL_AC,30,67,0.0
4P6X_CG,6A5W_AC,30,68,0.0
4P6X_CG,6DXK_AB,30,69,0.0
4P6X_CG,6ITM_AC,30,70,0.0
4P6X_CG,6WMQ_AB,30,71,0.0
4P6X_CG,7TRB_AB,30,72,0.0
4P6X_CG,7YXD_AD,30,73,0.0
4P6X_CG,7YXD_DH,30,74,0.13333333333333333
4P6X_CG,7YXD_HL,30,75,0.0
4P6X_CG,7YXO_AC,30,76,0.0
4P6X_CG,7YXO_CE,30,77,0.0
4P6X_CG,8BFF_BC,30,78,0.09090909090909091
4P6X_CG,8HUK_AC,30,79,0.19047619047619047
4P6X_CI,4P6X_GI,31,32,0.0
4P6X_CI,4P6X_GK,31,33,0.5
4P6X_CI,4WVD_AB,31,34,0.0
4P6X_CI,5IAW_AB,31,35,0.0
4P6X_CI,5ICK_AB,31,36,0.5
4P6X_CI,5Q0J_AC,31,37,0.0
4P6X_CI,5Q0L_AC,31,38,0.0
4P6X_CI,5Q0N_AC,31,39,0.0
4P6X_CI,5Q0O_AC,31,40,0.0
4P6X_CI,5Q0P_AC,31,41,0.0
4P6X_CI,5Q0Q_AC,31,42,0.0
4P6X_CI,5Q0S_AC,31,43,0.0
4P6X_CI,5Q0U_AC,31,44,0.0
4P6X_CI,5Q0V_AC,31,45,0.0
4P6X_CI,5Q0Y_AC,31,46,0.0
4P6X_CI,5Q0Z_AC,31,47,0.0
4P6X_CI,5Q13_AC,31,48,0.0
4P6X_CI,5Q14_AC,31,49,0.0
4P6X_CI,5Q15_AC,31,50,0.0
4P6X_CI,5Q16_AC,31,51,0.0
4P6X_CI,5Q18_AC,31,52,0.0
4P6X_CI,5Q19_AC,31,53,0.0
4P6X_CI,5Q1A_AC,31,54,0.0
4P6X_CI,5Q1B_AC,31,55,0.0
4P6X_CI,5Q1C_AC,31,56,0.0
4P6X_CI,5Q1D_AC,31,57,0.0
4P6X_CI,5Q1F_AC,31,58,0.0
4P6X_CI,5Q1H_AC,31,59,0.0
4P6X_CI,5Q1H_AG,31,60,0.0
4P6X_CI,5Q1H_CE,31,61,0.0
4P6X_CI,5Q1H_EG,31,62,0.0
4P6X_CI,5UC3_AB,31,63,0.0
4P6X_CI,5UFS_AB,31,64,0.0
4P6X_CI,5Y49_AB,31,65,0.0
4P6X_CI,5YXJ_AB,31,66,0.0
4P6X_CI,5YXL_AC,31,67,0.0
4P6X_CI,6A5W_AC,31,68,0.0
4P6X_CI,6DXK_AB,31,69,0.0
4P6X_CI,6ITM_AC,31,70,0.0
4P6X_CI,6WMQ_AB,31,71,0.0
4P6X_CI,7TRB_AB,31,72,0.0
4P6X_CI,7YXD_AD,31,73,0.0
4P6X_CI,7YXD_DH,31,74,0.0
4P6X_CI,7YXD_HL,31,75,0.0
4P6X_CI,7YXO_AC,31,76,0.1
4P6X_CI,7YXO_CE,31,77,0.0
4P6X_CI,8BFF_BC,31,78,0.0
4P6X_CI,8HUK_AC,31,79,0.0
4P6X_GI,4P6X_GK,32,33,0.0
4P6X_GI,4WVD_AB,32,34,0.0
4P6X_GI,5IAW_AB,32,35,0.0
4P6X_GI,5ICK_AB,32,36,0.0
4P6X_GI,5Q0J_AC,32,37,0.0
4P6X_GI,5Q0L_AC,32,38,0.0
4P6X_GI,5Q0N_AC,32,39,0.0
4P6X_GI,5Q0O_AC,32,40,0.0
4P6X_GI,5Q0P_AC,32,41,0.0
4P6X_GI,5Q0Q_AC,32,42,0.0
4P6X_GI,5Q0S_AC,32,43,0.0
4P6X_GI,5Q0U_AC,32,44,0.0
4P6X_GI,5Q0V_AC,32,45,0.0
4P6X_GI,5Q0Y_AC,32,46,0.0
4P6X_GI,5Q0Z_AC,32,47,0.0
4P6X_GI,5Q13_AC,32,48,0.0
4P6X_GI,5Q14_AC,32,49,0.0
4P6X_GI,5Q15_AC,32,50,0.0
4P6X_GI,5Q16_AC,32,51,0.0
4P6X_GI,5Q18_AC,32,52,0.0
4P6X_GI,5Q19_AC,32,53,0.0
4P6X_GI,5Q1A_AC,32,54,0.0
4P6X_GI,5Q1B_AC,32,55,0.0
4P6X_GI,5Q1C_AC,32,56,0.0
4P6X_GI,5Q1D_AC,32,57,0.0
4P6X_GI,5Q1F_AC,32,58,0.0
4P6X_GI,5Q1H_AC,32,59,0.0
4P6X_GI,5Q1H_AG,32,60,0.0
4P6X_GI,5Q1H_CE,32,61,0.0
4P6X_GI,5Q1H_EG,32,62,0.0
4P6X_GI,5UC3_AB,32,63,0.0
4P6X_GI,5UFS_AB,32,64,0.0
4P6X_GI,5Y49_AB,32,65,0.0
4P6X_GI,5YXJ_AB,32,66,0.0
4P6X_GI,5YXL_AC,32,67,0.0
4P6X_GI,6A5W_AC,32,68,0.0
4P6X_GI,6DXK_AB,32,69,0.0
4P6X_GI,6ITM_AC,32,70,0.0
4P6X_GI,6WMQ_AB,32,71,0.0
4P6X_GI,7TRB_AB,32,72,0.0
4P6X_GI,7YXD_AD,32,73,0.0
4P6X_GI,7YXD_DH,32,74,0.0
4P6X_GI,7YXD_HL,32,75,0.0
4P6X_GI,7YXO_AC,32,76,0.0
4P6X_GI,7YXO_CE,32,77,0.0
4P6X_GI,8BFF_BC,32,78,0.0
4P6X_GI,8HUK_AC,32,79,0.0
4P6X_GK,4WVD_AB,33,34,0.0
4P6X_GK,5IAW_AB,33,35,0.0
4P6X_GK,5ICK_AB,33,36,0.3333333333333333
4P6X_GK,5Q0J_AC,33,37,0.0
4P6X_GK,5Q0L_AC,33,38,0.0
4P6X_GK,5Q0N_AC,33,39,0.0
4P6X_GK,5Q0O_AC,33,40,0.0
4P6X_GK,5Q0P_AC,33,41,0.0
4P6X_GK,5Q0Q_AC,33,42,0.0
4P6X_GK,5Q0S_AC,33,43,0.0
4P6X_GK,5Q0U_AC,33,44,0.0
4P6X_GK,5Q0V_AC,33,45,0.0
4P6X_GK,5Q0Y_AC,33,46,0.0
4P6X_GK,5Q0Z_AC,33,47,0.0
4P6X_GK,5Q13_AC,33,48,0.0
4P6X_GK,5Q14_AC,33,49,0.0
4P6X_GK,5Q15_AC,33,50,0.0
4P6X_GK,5Q16_AC,33,51,0.0
4P6X_GK,5Q18_AC,33,52,0.0
4P6X_GK,5Q19_AC,33,53,0.0
4P6X_GK,5Q1A_AC,33,54,0.0
4P6X_GK,5Q1B_AC,33,55,0.0
4P6X_GK,5Q1C_AC,33,56,0.0
4P6X_GK,5Q1D_AC,33,57,0.0
4P6X_GK,5Q1F_AC,33,58,0.0
4P6X_GK,5Q1H_AC,33,59,0.0
4P6X_GK,5Q1H_AG,33,60,0.0
4P6X_GK,5Q1H_CE,33,61,0.0
4P6X_GK,5Q1H_EG,33,62,0.0
4P6X_GK,5UC3_AB,33,63,0.0
4P6X_GK,5UFS_AB,33,64,0.0
4P6X_GK,5Y49_AB,33,65,0.0
4P6X_GK,5YXJ_AB,33,66,0.0
4P6X_GK,5YXL_AC,33,67,0.0
4P6X_GK,6A5W_AC,33,68,0.0
4P6X_GK,6DXK_AB,33,69,0.0
4P6X_GK,6ITM_AC,33,70,0.0
4P6X_GK,6WMQ_AB,33,71,0.0
4P6X_GK,7TRB_AB,33,72,0.0
4P6X_GK,7YXD_AD,33,73,0.0
4P6X_GK,7YXD_DH,33,74,0.0
4P6X_GK,7YXD_HL,33,75,0.0
4P6X_GK,7YXO_AC,33,76,0.09090909090909091
4P6X_GK,7YXO_CE,33,77,0.0
4P6X_GK,8BFF_BC,33,78,0.0
4P6X_GK,8HUK_AC,33,79,0.0
4WVD_AB,5IAW_AB,34,35,0.0
4WVD_AB,5ICK_AB,34,36,0.0
4WVD_AB,5Q0J_AC,34,37,0.0
4WVD_AB,5Q0L_AC,34,38,0.0
4WVD_AB,5Q0N_AC,34,39,0.0
4WVD_AB,5Q0O_AC,34,40,0.0
4WVD_AB,5Q0P_AC,34,41,0.0
4WVD_AB,5Q0Q_AC,34,42,0.0
4WVD_AB,5Q0S_AC,34,43,0.0
4WVD_AB,5Q0U_AC,34,44,0.0
4WVD_AB,5Q0V_AC,34,45,0.0
4WVD_AB,5Q0Y_AC,34,46,0.0
4WVD_AB,5Q0Z_AC,34,47,0.0
4WVD_AB,5Q13_AC,34,48,0.0
4WVD_AB,5Q14_AC,34,49,0.0
4WVD_AB,5Q15_AC,34,50,0.0
4WVD_AB,5Q16_AC,34,51,0.0
4WVD_AB,5Q18_AC,34,52,0.0
4WVD_AB,5Q19_AC,34,53,0.0
4WVD_AB,5Q1A_AC,34,54,0.0
4WVD_AB,5Q1B_AC,34,55,0.0
4WVD_AB,5Q1C_AC,34,56,0.0
4WVD_AB,5Q1D_AC,34,57,0.0
4WVD_AB,5Q1F_AC,34,58,0.0
4WVD_AB,5Q1H_AC,34,59,0.0
4WVD_AB,5Q1H_AG,34,60,0.0
4WVD_AB,5Q1H_CE,34,61,0.0
4WVD_AB,5Q1H_EG,34,62,0.0
4WVD_AB,5UC3_AB,34,63,0.25
4WVD_AB,5UFS_AB,34,64,0.0
4WVD_AB,5Y49_AB,34,65,0.02702702702702703
4WVD_AB,5YXJ_AB,34,66,0.0
4WVD_AB,5YXL_AC,34,67,0.0
4WVD_AB,6A5W_AC,34,68,0.0
4WVD_AB,6DXK_AB,34,69,0.0
4WVD_AB,6ITM_AC,34,70,0.0
4WVD_AB,6WMQ_AB,34,71,0.0
4WVD_AB,7TRB_AB,34,72,0.0
4WVD_AB,7YXD_AD,34,73,0.0
4WVD_AB,7YXD_DH,34,74,0.10810810810810811
4WVD_AB,7YXD_HL,34,75,0.0
4WVD_AB,7YXO_AC,34,76,0.0
4WVD_AB,7YXO_CE,34,77,0.0
4WVD_AB,8BFF_BC,34,78,0.057692307692307696
4WVD_AB,8HUK_AC,34,79,0.14
5IAW_AB,5ICK_AB,35,36,0.0
5IAW_AB,5Q0J_AC,35,37,0.25
5IAW_AB,5Q0L_AC,35,38,0.07042253521126761
5IAW_AB,5Q0N_AC,35,39,0.2
5IAW_AB,5Q0O_AC,35,40,0.23529411764705882
5IAW_AB,5Q0P_AC,35,41,0.1875
5IAW_AB,5Q0Q_AC,35,42,0.12195121951219512
5IAW_AB,5Q0S_AC,35,43,0.1875
5IAW_AB,5Q0U_AC,35,44,0.1875
5IAW_AB,5Q0V_AC,35,45,0.1875
5IAW_AB,5Q0Y_AC,35,46,0.1875
5IAW_AB,5Q0Z_AC,35,47,0.2
5IAW_AB,5Q13_AC,35,48,0.21428571428571427
5IAW_AB,5Q14_AC,35,49,0.1875
5IAW_AB,5Q15_AC,35,50,0.1875
5IAW_AB,5Q16_AC,35,51,0.1875
5IAW_AB,5Q18_AC,35,52,0.25
5IAW_AB,5Q19_AC,35,53,0.1875
5IAW_AB,5Q1A_AC,35,54,0.1875
5IAW_AB,5Q1B_AC,35,55,0.23529411764705882
5IAW_AB,5Q1C_AC,35,56,0.1875
5IAW_AB,5Q1D_AC,35,57,0.1875
5IAW_AB,5Q1F_AC,35,58,0.1875
5IAW_AB,5Q1H_AC,35,59,0.17647058823529413
5IAW_AB,5Q1H_AG,35,60,0.05333333333333334
5IAW_AB,5Q1H_CE,35,61,0.05333333333333334
5IAW_AB,5Q1H_EG,35,62,0.17647058823529413
5IAW_AB,5UC3_AB,35,63,0.0
5IAW_AB,5UFS_AB,35,64,0.0
5IAW_AB,5Y49_AB,35,65,0.2
5IAW_AB,5YXJ_AB,35,66,0.0
5IAW_AB,5YXL_AC,35,67,0.15384615384615385
5IAW_AB,6A5W_AC,35,68,0.0136986301369863
5IAW_AB,6DXK_AB,35,69,0.08333333333333333
5IAW_AB,6ITM_AC,35,70,0.125
5IAW_AB,6WMQ_AB,35,71,0.039473684210526314
5IAW_AB,7TRB_AB,35,72,0.13636363636363635
5IAW_AB,7YXD_AD,35,73,0.0
5IAW_AB,7YXD_DH,35,74,0.0
5IAW_AB,7YXD_HL,35,75,0.0
5IAW_AB,7YXO_AC,35,76,0.0
5IAW_AB,7YXO_CE,35,77,0.0
5IAW_AB,8BFF_BC,35,78,0.07407407407407407
5IAW_AB,8HUK_AC,35,79,0.0
5ICK_AB,5Q0J_AC,36,37,0.0
5ICK_AB,5Q0L_AC,36,38,0.0
5ICK_AB,5Q0N_AC,36,39,0.0
5ICK_AB,5Q0O_AC,36,40,0.0
5ICK_AB,5Q0P_AC,36,41,0.0
5ICK_AB,5Q0Q_AC,36,42,0.0
5ICK_AB,5Q0S_AC,36,43,0.0
5ICK_AB,5Q0U_AC,36,44,0.0
5ICK_AB,5Q0V_AC,36,45,0.0
5ICK_AB,5Q0Y_AC,36,46,0.0
5ICK_AB,5Q0Z_AC,36,47,0.0
5ICK_AB,5Q13_AC,36,48,0.0
5ICK_AB,5Q14_AC,36,49,0.0
5ICK_AB,5Q15_AC,36,50,0.0
5ICK_AB,5Q16_AC,36,51,0.0
5ICK_AB,5Q18_AC,36,52,0.0
5ICK_AB,5Q19_AC,36,53,0.0
5ICK_AB,5Q1A_AC,36,54,0.0
5ICK_AB,5Q1B_AC,36,55,0.0
5ICK_AB,5Q1C_AC,36,56,0.0
5ICK_AB,5Q1D_AC,36,57,0.0
5ICK_AB,5Q1F_AC,36,58,0.0
5ICK_AB,5Q1H_AC,36,59,0.0
5ICK_AB,5Q1H_AG,36,60,0.0
5ICK_AB,5Q1H_CE,36,61,0.0
5ICK_AB,5Q1H_EG,36,62,0.0
5ICK_AB,5UC3_AB,36,63,0.0
5ICK_AB,5UFS_AB,36,64,0.0
5ICK_AB,5Y49_AB,36,65,0.0
5ICK_AB,5YXJ_AB,36,66,0.0
5ICK_AB,5YXL_AC,36,67,0.0
5ICK_AB,6A5W_AC,36,68,0.0
5ICK_AB,6DXK_AB,36,69,0.0
5ICK_AB,6ITM_AC,36,70,0.0
5ICK_AB,6WMQ_AB,36,71,0.0
5ICK_AB,7TRB_AB,36,72,0.0
5ICK_AB,7YXD_AD,36,73,0.0
5ICK_AB,7YXD_DH,36,74,0.0
5ICK_AB,7YXD_HL,36,75,0.0
5ICK_AB,7YXO_AC,36,76,0.09090909090909091
5ICK_AB,7YXO_CE,36,77,0.0
5ICK_AB,8BFF_BC,36,78,0.045454545454545456
5ICK_AB,8HUK_AC,36,79,0.0
5Q0J_AC,5Q0L_AC,37,38,0.012658227848101266
5Q0J_AC,5Q0N_AC,37,39,0.8333333333333334
5Q0J_AC,5Q0O_AC,37,40,0.9230769230769231
5Q0J_AC,5Q0P_AC,37,41,0.9166666666666666
5Q0J_AC,5Q0Q_AC,37,42,0.08695652173913043
5Q0J_AC,5Q0S_AC,37,43,0.9166666666666666
5Q0J_AC,5Q0U_AC,37,44,0.9166666666666666
5Q0J_AC,5Q0V_AC,37,45,0.9166666666666666
5Q0J_AC,5Q0Y_AC,37,46,0.9166666666666666
5Q0J_AC,5Q0Z_AC,37,47,0.8333333333333334
5Q0J_AC,5Q13_AC,37,48,0.23529411764705882
5Q0J_AC,5Q14_AC,37,49,0.9166666666666666
5Q0J_AC,5Q15_AC,37,50,0.9166666666666666
5Q0J_AC,5Q16_AC,37,51,0.9166666666666666
5Q0J_AC,5Q18_AC,37,52,1.0
5Q0J_AC,5Q19_AC,37,53,0.9166666666666666
5Q0J_AC,5Q1A_AC,37,54,0.9166666666666666
5Q0J_AC,5Q1B_AC,37,55,0.9230769230769231
5Q0J_AC,5Q1C_AC,37,56,0.9166666666666666
5Q0J_AC,5Q1D_AC,37,57,0.9166666666666666
5Q0J_AC,5Q1F_AC,37,58,0.9166666666666666
5Q0J_AC,5Q1H_AC,37,59,0.8461538461538461
5Q0J_AC,5Q1H_AG,37,60,0.0
5Q0J_AC,5Q1H_CE,37,61,0.0
5Q0J_AC,5Q1H_EG,37,62,0.8461538461538461
5Q0J_AC,5UC3_AB,37,63,0.0
5Q0J_AC,5UFS_AB,37,64,0.0
5Q0J_AC,5Y49_AB,37,65,0.14285714285714285
5Q0J_AC,5YXJ_AB,37,66,0.0
5Q0J_AC,5YXL_AC,37,67,0.06521739130434782
5Q0J_AC,6A5W_AC,37,68,0.0
5Q0J_AC,6DXK_AB,37,69,0.0625
5Q0J_AC,6ITM_AC,37,70,0.06521739130434782
5Q0J_AC,6WMQ_AB,37,71,0.0
5Q0J_AC,7TRB_AB,37,72,0.058823529411764705
5Q0J_AC,7YXD_AD,37,73,0.0
5Q0J_AC,7YXD_DH,37,74,0.0
5Q0J_AC,7YXD_HL,37,75,0.0
5Q0J_AC,7YXO_AC,37,76,0.0
5Q0J_AC,7YXO_CE,37,77,0.0
5Q0J_AC,8BFF_BC,37,78,0.2222222222222222
5Q0J_AC,8HUK_AC,37,79,0.0
5Q0L_AC,5Q0N_AC,38,39,0.0
5Q0L_AC,5Q0O_AC,38,40,0.0125
5Q0L_AC,5Q0P_AC,38,41,0.0
5Q0L_AC,5Q0Q_AC,38,42,0.24705882352941178
5Q0L_AC,5Q0S_AC,38,43,0.0
5Q0L_AC,5Q0U_AC,38,44,0.0
5Q0L_AC,5Q0V_AC,38,45,0.0
5Q0L_AC,5Q0Y_AC,38,46,0.0
5Q0L_AC,5Q0Z_AC,38,47,0.0
5Q0L_AC,5Q13_AC,38,48,0.0
5Q0L_AC,5Q14_AC,38,49,0.0
5Q0L_AC,5Q15_AC,38,50,0.0
5Q0L_AC,5Q16_AC,38,51,0.0
5Q0L_AC,5Q18_AC,38,52,0.012658227848101266
5Q0L_AC,5Q19_AC,38,53,0.0
5Q0L_AC,5Q1A_AC,38,54,0.0
5Q0L_AC,5Q1B_AC,38,55,0.0125
5Q0L_AC,5Q1C_AC,38,56,0.0
5Q0L_AC,5Q1D_AC,38,57,0.0
5Q0L_AC,5Q1F_AC,38,58,0.0
5Q0L_AC,5Q1H_AC,38,59,0.0
5Q0L_AC,5Q1H_AG,38,60,0.9041095890410958
5Q0L_AC,5Q1H_CE,38,61,0.8783783783783784
5Q0L_AC,5Q1H_EG,38,62,0.0
5Q0L_AC,5UC3_AB,38,63,0.0
5Q0L_AC,5UFS_AB,38,64,0.0
5Q0L_AC,5Y49_AB,38,65,0.014084507042253521
5Q0L_AC,5YXJ_AB,38,66,0.0
5Q0L_AC,5YXL_AC,38,67,0.20689655172413793
5Q0L_AC,6A5W_AC,38,68,0.30097087378640774
5Q0L_AC,6DXK_AB,38,69,0.013888888888888888
5Q0L_AC,6ITM_AC,38,70,0.23529411764705882
5Q0L_AC,6WMQ_AB,38,71,0.4479166666666667
5Q0L_AC,7TRB_AB,38,72,0.25
5Q0L_AC,7YXD_AD,38,73,0.0
5Q0L_AC,7YXD_DH,38,74,0.0
5Q0L_AC,7YXD_HL,38,75,0.0
5Q0L_AC,7YXO_AC,38,76,0.012987012987012988
5Q0L_AC,7YXO_CE,38,77,0.0
5Q0L_AC,8BFF_BC,38,78,0.011363636363636364
5Q0L_AC,8HUK_AC,38,79,0.0963855421686747
5Q0N_AC,5Q0O_AC,39,40,0.7692307692307693
5Q0N_AC,5Q0P_AC,39,41,0.9090909090909091
5Q0N_AC,5Q0Q_AC,39,42,0.06666666666666667
5Q0N_AC,5Q0S_AC,39,43,0.9090909090909091
5Q0N_AC,5Q0U_AC,39,44,0.9090909090909091
5Q0N_AC,5Q0V_AC,39,45,0.9090909090909091
5Q0N_AC,5Q0Y_AC,39,46,0.9090909090909091
5Q0N_AC,5Q0Z_AC,39,47,0.8181818181818182
5Q0N_AC,5Q13_AC,39,48,0.26666666666666666
5Q0N_AC,5Q14_AC,39,49,0.9090909090909091
5Q0N_AC,5Q15_AC,39,50,0.9090909090909091
5Q0N_AC,5Q16_AC,39,51,0.9090909090909091
5Q0N_AC,5Q18_AC,39,52,0.8333333333333334
5Q0N_AC,5Q19_AC,39,53,0.9090909090909091
5Q0N_AC,5Q1A_AC,39,54,0.9090909090909091
5Q0N_AC,5Q1B_AC,39,55,0.7692307692307693
5Q0N_AC,5Q1C_AC,39,56,0.9090909090909091
5Q0N_AC,5Q1D_AC,39,57,0.9090909090909091
5Q0N_AC,5Q1F_AC,39,58,0.9090909090909091
5Q0N_AC,5Q1H_AC,39,59,0.8333333333333334
5Q0N_AC,5Q1H_AG,39,60,0.0
5Q0N_AC,5Q1H_CE,39,61,0.0
5Q0N_AC,5Q1H_EG,39,62,0.8333333333333334
5Q0N_AC,5UC3_AB,39,63,0.0
5Q0N_AC,5UFS_AB,39,64,0.0
5Q0N_AC,5Y49_AB,39,65,0.07692307692307693
5Q0N_AC,5YXJ_AB,39,66,0.0
5Q0N_AC,5YXL_AC,39,67,0.044444444444444446
5Q0N_AC,6A5W_AC,39,68,0.0
5Q0N_AC,6DXK_AB,39,69,0.07142857142857142
5Q0N_AC,6ITM_AC,39,70,0.044444444444444446
5Q0N_AC,6WMQ_AB,39,71,0.0
5Q0N_AC,7TRB_AB,39,72,0.04
5Q0N_AC,7YXD_AD,39,73,0.0
5Q0N_AC,7YXD_DH,39,74,0.0
5Q0N_AC,7YXD_HL,39,75,0.0
5Q0N_AC,7YXO_AC,39,76,0.0
5Q0N_AC,7YXO_CE,39,77,0.0
5Q0N_AC,8BFF_BC,39,78,0.24
5Q0N_AC,8HUK_AC,39,79,0.0
5Q0O_AC,5Q0P_AC,40,41,0.8461538461538461
5Q0O_AC,5Q0Q_AC,40,42,0.0851063829787234
5Q0O_AC,5Q0S_AC,40,43,0.8461538461538461
5Q0O_AC,5Q0U_AC,40,44,0.8461538461538461
5Q0O_AC,5Q0V_AC,40,45,0.8461538461538461
5Q0O_AC,5Q0Y_AC,40,46,0.8461538461538461
5Q0O_AC,5Q0Z_AC,40,47,0.7692307692307693
5Q0O_AC,5Q13_AC,40,48,0.2222222222222222
5Q0O_AC,5Q14_AC,40,49,0.8461538461538461
5Q0O_AC,5Q15_AC,40,50,0.8461538461538461
5Q0O_AC,5Q16_AC,40,51,0.8461538461538461
5Q0O_AC,5Q18_AC,40,52,0.9230769230769231
5Q0O_AC,5Q19_AC,40,53,0.8461538461538461
5Q0O_AC,5Q1A_AC,40,54,0.8461538461538461
5Q0O_AC,5Q1B_AC,40,55,1.0
5Q0O_AC,5Q1C_AC,40,56,0.8461538461538461
5Q0O_AC,5Q1D_AC,40,57,0.8461538461538461
5Q0O_AC,5Q1F_AC,40,58,0.8461538461538461
5Q0O_AC,5Q1H_AC,40,59,0.9230769230769231
5Q0O_AC,5Q1H_AG,40,60,0.0
5Q0O_AC,5Q1H_CE,40,61,0.0
5Q0O_AC,5Q1H_EG,40,62,0.9230769230769231
5Q0O_AC,5UC3_AB,40,63,0.0
5Q0O_AC,5UFS_AB,40,64,0.0
5Q0O_AC,5Y49_AB,40,65,0.13333333333333333
5Q0O_AC,5YXJ_AB,40,66,0.0
5Q0O_AC,5YXL_AC,40,67,0.08695652173913043
5Q0O_AC,6A5W_AC,40,68,0.0
5Q0O_AC,6DXK_AB,40,69,0.058823529411764705
5Q0O_AC,6ITM_AC,40,70,0.06382978723404255
5Q0O_AC,6WMQ_AB,40,71,0.0
5Q0O_AC,7TRB_AB,40,72,0.0784313725490196
5Q0O_AC,7YXD_AD,40,73,0.0
5Q0O_AC,7YXD_DH,40,74,0.0
5Q0O_AC,7YXD_HL,40,75,0.0
5Q0O_AC,7YXO_AC,40,76,0.0
5Q0O_AC,7YXO_CE,40,77,0.0
5Q0O_AC,8BFF_BC,40,78,0.25925925925925924
5Q0O_AC,8HUK_AC,40,79,0.0
5Q0P_AC,5Q0Q_AC,41,42,0.06521739130434782
5Q0P_AC,5Q0S_AC,41,43,1.0
5Q0P_AC,5Q0U_AC,41,44,1.0
5Q0P_AC,5Q0V_AC,41,45,1.0
5Q0P_AC,5Q0Y_AC,41,46,1.0
5Q0P_AC,5Q0Z_AC,41,47,0.9090909090909091
5Q0P_AC,5Q13_AC,41,48,0.25
5Q0P_AC,5Q14_AC,41,49,1.0
5Q0P_AC,5Q15_AC,41,50,1.0
5Q0P_AC,5Q16_AC,41,51,1.0
5Q0P_AC,5Q18_AC,41,52,0.9166666666666666
5Q0P_AC,5Q19_AC,41,53,1.0
5Q0P_AC,5Q1A_AC,41,54,1.0
5Q0P_AC,5Q1B_AC,41,55,0.8461538461538461
5Q0P_AC,5Q1C_AC,41,56,1.0
5Q0P_AC,5Q1D_AC,41,57,1.0
5Q0P_AC,5Q1F_AC,41,58,1.0
5Q0P_AC,5Q1H_AC,41,59,0.9166666666666666
5Q0P_AC,5Q1H_AG,41,60,0.0
5Q0P_AC,5Q1H_CE,41,61,0.0
5Q0P_AC,5Q1H_EG,41,62,0.9166666666666666
5Q0P_AC,5UC3_AB,41,63,0.0
5Q0P_AC,5UFS_AB,41,64,0.0
5Q0P_AC,5Y49_AB,41,65,0.07142857142857142
5Q0P_AC,5YXJ_AB,41,66,0.0
5Q0P_AC,5YXL_AC,41,67,0.043478260869565216
5Q0P_AC,6A5W_AC,41,68,0.0
5Q0P_AC,6DXK_AB,41,69,0.06666666666666667
5Q0P_AC,6ITM_AC,41,70,0.043478260869565216
5Q0P_AC,6WMQ_AB,41,71,0.0
5Q0P_AC,7TRB_AB,41,72,0.0392156862745098
5Q0P_AC,7YXD_AD,41,73,0.0
5Q0P_AC,7YXD_DH,41,74,0.0
5Q0P_AC,7YXD_HL,41,75,0.0
5Q0P_AC,7YXO_AC,41,76,0.0
5Q0P_AC,7YXO_CE,41,77,0.0
5Q0P_AC,8BFF_BC,41,78,0.23076923076923078
5Q0P_AC,8HUK_AC,41,79,0.0
5Q0Q_AC,5Q0S_AC,42,43,0.06521739130434782
5Q0Q_AC,5Q0U_AC,42,44,0.06521739130434782
5Q0Q_AC,5Q0V_AC,42,45,0.06521739130434782
5Q0Q_AC,5Q0Y_AC,42,46,0.06521739130434782
5Q0Q_AC,5Q0Z_AC,42,47,0.06666666666666667
5Q0Q_AC,5Q13_AC,42,48,0.06818181818181818
5Q0Q_AC,5Q14_AC,42,49,0.06521739130434782
5Q0Q_AC,5Q15_AC,42,50,0.06521739130434782
5Q0Q_AC,5Q16_AC,42,51,0.06521739130434782
5Q0Q_AC,5Q18_AC,42,52,0.08695652173913043
5Q0Q_AC,5Q19_AC,42,53,0.06521739130434782
5Q0Q_AC,5Q1A_AC,42,54,0.06521739130434782
5Q0Q_AC,5Q1B_AC,42,55,0.0851063829787234
5Q0Q_AC,5Q1C_AC,42,56,0.06521739130434782
5Q0Q_AC,5Q1D_AC,42,57,0.06521739130434782
5Q0Q_AC,5Q1F_AC,42,58,0.06521739130434782
5Q0Q_AC,5Q1H_AC,42,59,0.06382978723404255
5Q0Q_AC,5Q1H_AG,42,60,0.2247191011235955
5Q0Q_AC,5Q1H_CE,42,61,0.2247191011235955
5Q0Q_AC,5Q1H_EG,42,62,0.06382978723404255
5Q0Q_AC,5UC3_AB,42,63,0.0
5Q0Q_AC,5UFS_AB,42,64,0.0
5Q0Q_AC,5Y49_AB,42,65,0.05
5Q0Q_AC,5YXJ_AB,42,66,0.0
5Q0Q_AC,5YXL_AC,42,67,0.6304347826086957
5Q0Q_AC,6A5W_AC,42,68,0.14285714285714285
5Q0Q_AC,6DXK_AB,42,69,0.04878048780487805
5Q0Q_AC,6ITM_AC,42,70,0.9230769230769231
5Q0Q_AC,6WMQ_AB,42,71,0.17204301075268819
5Q0Q_AC,7TRB_AB,42,72,0.7777777777777778
5Q0Q_AC,7YXD_AD,42,73,0.0
5Q0Q_AC,7YXD_DH,42,74,0.0
5Q0Q_AC,7YXD_HL,42,75,0.0
5Q0Q_AC,7YXO_AC,42,76,0.0
5Q0Q_AC,7YXO_CE,42,77,0.0
5Q0Q_AC,8BFF_BC,42,78,0.05357142857142857
5Q0Q_AC,8HUK_AC,42,79,0.07017543859649122
5Q0S_AC,5Q0U_AC,43,44,1.0
5Q0S_AC,5Q0V_AC,43,45,1.0
5Q0S_AC,5Q0Y_AC,43,46,1.0
5Q0S_AC,5Q0Z_AC,43,47,0.9090909090909091
5Q0S_AC,5Q13_AC,43,48,0.25
5Q0S_AC,5Q14_AC,43,49,1.0
5Q0S_AC,5Q15_AC,43,50,1.0
5Q0S_AC,5Q16_AC,43,51,1.0
5Q0S_AC,5Q18_AC,43,52,0.9166666666666666
5Q0S_AC,5Q19_AC,43,53,1.0
5Q0S_AC,5Q1A_AC,43,54,1.0
5Q0S_AC,5Q1B_AC,43,55,0.8461538461538461
5Q0S_AC,5Q1C_AC,43,56,1.0
5Q0S_AC,5Q1D_AC,43,57,1.0
5Q0S_AC,5Q1F_AC,43,58,1.0
5Q0S_AC,5Q1H_AC,43,59,0.9166666666666666
5Q0S_AC,5Q1H_AG,43,60,0.0
5Q0S_AC,5Q1H_CE,43,61,0.0
5Q0S_AC,5Q1H_EG,43,62,0.9166666666666666
5Q0S_AC,5UC3_AB,43,63,0.0
5Q0S_AC,5UFS_AB,43,64,0.0
5Q0S_AC,5Y49_AB,43,65,0.07142857142857142
5Q0S_AC,5YXJ_AB,43,66,0.0
5Q0S_AC,5YXL_AC,43,67,0.043478260869565216
5Q0S_AC,6A5W_AC,43,68,0.0
5Q0S_AC,6DXK_AB,43,69,0.06666666666666667
5Q0S_AC,6ITM_AC,43,70,0.043478260869565216
5Q0S_AC,6WMQ_AB,43,71,0.0
5Q0S_AC,7TRB_AB,43,72,0.0392156862745098
5Q0S_AC,7YXD_AD,43,73,0.0
5Q0S_AC,7YXD_DH,43,74,0.0
5Q0S_AC,7YXD_HL,43,75,0.0
5Q0S_AC,7YXO_AC,43,76,0.0
5Q0S_AC,7YXO_CE,43,77,0.0
5Q0S_AC,8BFF_BC,43,78,0.23076923076923078
5Q0S_AC,8HUK_AC,43,79,0.0
5Q0U_AC,5Q0V_AC,44,45,1.0
5Q0U_AC,5Q0Y_AC,44,46,1.0
5Q0U_AC,5Q0Z_AC,44,47,0.9090909090909091
5Q0U_AC,5Q13_AC,44,48,0.25
5Q0U_AC,5Q14_AC,44,49,1.0
5Q0U_AC,5Q15_AC,44,50,1.0
5Q0U_AC,5Q16_AC,44,51,1.0
5Q0U_AC,5Q18_AC,44,52,0.9166666666666666
5Q0U_AC,5Q19_AC,44,53,1.0
5Q0U_AC,5Q1A_AC,44,54,1.0
5Q0U_AC,5Q1B_AC,44,55,0.8461538461538461
5Q0U_AC,5Q1C_AC,44,56,1.0
5Q0U_AC,5Q1D_AC,44,57,1.0
5Q0U_AC,5Q1F_AC,44,58,1.0
5Q0U_AC,5Q1H_AC,44,59,0.9166666666666666
5Q0U_AC,5Q1H_AG,44,60,0.0
5Q0U_AC,5Q1H_CE,44,61,0.0
5Q0U_AC,5Q1H_EG,44,62,0.9166666666666666
5Q0U_AC,5UC3_AB,44,63,0.0
5Q0U_AC,5UFS_AB,44,64,0.0
5Q0U_AC,5Y49_AB,44,65,0.07142857142857142
5Q0U_AC,5YXJ_AB,44,66,0.0
5Q0U_AC,5YXL_AC,44,67,0.043478260869565216
5Q0U_AC,6A5W_AC,44,68,0.0
5Q0U_AC,6DXK_AB,44,69,0.06666666666666667
5Q0U_AC,6ITM_AC,44,70,0.043478260869565216
5Q0U_AC,6WMQ_AB,44,71,0.0
5Q0U_AC,7TRB_AB,44,72,0.0392156862745098
5Q0U_AC,7YXD_AD,44,73,0.0
5Q0U_AC,7YXD_DH,44,74,0.0
5Q0U_AC,7YXD_HL,44,75,0.0
5Q0U_AC,7YXO_AC,44,76,0.0
5Q0U_AC,7YXO_CE,44,77,0.0
5Q0U_AC,8BFF_BC,44,78,0.23076923076923078
5Q0U_AC,8HUK_AC,44,79,0.0
5Q0V_AC,5Q0Y_AC,45,46,1.0
5Q0V_AC,5Q0Z_AC,45,47,0.9090909090909091
5Q0V_AC,5Q13_AC,45,48,0.25
5Q0V_AC,5Q14_AC,45,49,1.0
5Q0V_AC,5Q15_AC,45,50,1.0
5Q0V_AC,5Q16_AC,45,51,1.0
5Q0V_AC,5Q18_AC,45,52,0.9166666666666666
5Q0V_AC,5Q19_AC,45,53,1.0
5Q0V_AC,5Q1A_AC,45,54,1.0
5Q0V_AC,5Q1B_AC,45,55,0.8461538461538461
5Q0V_AC,5Q1C_AC,45,56,1.0
5Q0V_AC,5Q1D_AC,45,57,1.0
5Q0V_AC,5Q1F_AC,45,58,1.0
5Q0V_AC,5Q1H_AC,45,59,0.9166666666666666
5Q0V_AC,5Q1H_AG,45,60,0.0
5Q0V_AC,5Q1H_CE,45,61,0.0
5Q0V_AC,5Q1H_EG,45,62,0.9166666666666666
5Q0V_AC,5UC3_AB,45,63,0.0
5Q0V_AC,5UFS_AB,45,64,0.0
5Q0V_AC,5Y49_AB,45,65,0.07142857142857142
5Q0V_AC,5YXJ_AB,45,66,0.0
5Q0V_AC,5YXL_AC,45,67,0.043478260869565216
5Q0V_AC,6A5W_AC,45,68,0.0
5Q0V_AC,6DXK_AB,45,69,0.06666666666666667
5Q0V_AC,6ITM_AC,45,70,0.043478260869565216
5Q0V_AC,6WMQ_AB,45,71,0.0
5Q0V_AC,7TRB_AB,45,72,0.0392156862745098
5Q0V_AC,7YXD_AD,45,73,0.0
5Q0V_AC,7YXD_DH,45,74,0.0
5Q0V_AC,7YXD_HL,45,75,0.0
5Q0V_AC,7YXO_AC,45,76,0.0
5Q0V_AC,7YXO_CE,45,77,0.0
5Q0V_AC,8BFF_BC,45,78,0.23076923076923078
5Q0V_AC,8HUK_AC,45,79,0.0
5Q0Y_AC,5Q0Z_AC,46,47,0.9090909090909091
5Q0Y_AC,5Q13_AC,46,48,0.25
5Q0Y_AC,5Q14_AC,46,49,1.0
5Q0Y_AC,5Q15_AC,46,50,1.0
5Q0Y_AC,5Q16_AC,46,51,1.0
5Q0Y_AC,5Q18_AC,46,52,0.9166666666666666
5Q0Y_AC,5Q19_AC,46,53,1.0
5Q0Y_AC,5Q1A_AC,46,54,1.0
5Q0Y_AC,5Q1B_AC,46,55,0.8461538461538461
5Q0Y_AC,5Q1C_AC,46,56,1.0
5Q0Y_AC,5Q1D_AC,46,57,1.0
5Q0Y_AC,5Q1F_AC,46,58,1.0
5Q0Y_AC,5Q1H_AC,46,59,0.9166666666666666
5Q0Y_AC,5Q1H_AG,46,60,0.0
5Q0Y_AC,5Q1H_CE,46,61,0.0
5Q0Y_AC,5Q1H_EG,46,62,0.9166666666666666
5Q0Y_AC,5UC3_AB,46,63,0.0
5Q0Y_AC,5UFS_AB,46,64,0.0
5Q0Y_AC,5Y49_AB,46,65,0.07142857142857142
5Q0Y_AC,5YXJ_AB,46,66,0.0
5Q0Y_AC,5YXL_AC,46,67,0.043478260869565216
5Q0Y_AC,6A5W_AC,46,68,0.0
5Q0Y_AC,6DXK_AB,46,69,0.06666666666666667
5Q0Y_AC,6ITM_AC,46,70,0.043478260869565216
5Q0Y_AC,6WMQ_AB,46,71,0.0
5Q0Y_AC,7TRB_AB,46,72,0.0392156862745098
5Q0Y_AC,7YXD_AD,46,73,0.0
5Q0Y_AC,7YXD_DH,46,74,0.0
5Q0Y_AC,7YXD_HL,46,75,0.0
5Q0Y_AC,7YXO_AC,46,76,0.0
5Q0Y_AC,7YXO_CE,46,77,0.0
5Q0Y_AC,8BFF_BC,46,78,0.23076923076923078
5Q0Y_AC,8HUK_AC,46,79,0.0
5Q0Z_AC,5Q13_AC,47,48,0.26666666666666666
5Q0Z_AC,5Q14_AC,47,49,0.9090909090909091
5Q0Z_AC,5Q15_AC,47,50,0.9090909090909091
5Q0Z_AC,5Q16_AC,47,51,0.9090909090909091
5Q0Z_AC,5Q18_AC,47,52,0.8333333333333334
5Q0Z_AC,5Q19_AC,47,53,0.9090909090909091
5Q0Z_AC,5Q1A_AC,47,54,0.9090909090909091
5Q0Z_AC,5Q1B_AC,47,55,0.7692307692307693
5Q0Z_AC,5Q1C_AC,47,56,0.9090909090909091
5Q0Z_AC,5Q1D_AC,47,57,0.9090909090909091
5Q0Z_AC,5Q1F_AC,47,58,0.9090909090909091
5Q0Z_AC,5Q1H_AC,47,59,0.8333333333333334
5Q0Z_AC,5Q1H_AG,47,60,0.0
5Q0Z_AC,5Q1H_CE,47,61,0.0
5Q0Z_AC,5Q1H_EG,47,62,0.8333333333333334
5Q0Z_AC,5UC3_AB,47,63,0.0
5Q0Z_AC,5UFS_AB,47,64,0.0
5Q0Z_AC,5Y49_AB,47,65,0.07692307692307693
5Q0Z_AC,5YXJ_AB,47,66,0.0
5Q0Z_AC,5YXL_AC,47,67,0.044444444444444446
5Q0Z_AC,6A5W_AC,47,68,0.0
5Q0Z_AC,6DXK_AB,47,69,0.07142857142857142
5Q0Z_AC,6ITM_AC,47,70,0.044444444444444446
5Q0Z_AC,6WMQ_AB,47,71,0.0
5Q0Z_AC,7TRB_AB,47,72,0.04
5Q0Z_AC,7YXD_AD,47,73,0.0
5Q0Z_AC,7YXD_DH,47,74,0.0
5Q0Z_AC,7YXD_HL,47,75,0.0
5Q0Z_AC,7YXO_AC,47,76,0.0
5Q0Z_AC,7YXO_CE,47,77,0.0
5Q0Z_AC,8BFF_BC,47,78,0.19230769230769232
5Q0Z_AC,8HUK_AC,47,79,0.0
5Q13_AC,5Q14_AC,48,49,0.25
5Q13_AC,5Q15_AC,48,50,0.25
5Q13_AC,5Q16_AC,48,51,0.25
5Q13_AC,5Q18_AC,48,52,0.23529411764705882
5Q13_AC,5Q19_AC,48,53,0.25
5Q13_AC,5Q1A_AC,48,54,0.25
5Q13_AC,5Q1B_AC,48,55,0.2222222222222222
5Q13_AC,5Q1C_AC,48,56,0.25
5Q13_AC,5Q1D_AC,48,57,0.25
5Q13_AC,5Q1F_AC,48,58,0.25
5Q13_AC,5Q1H_AC,48,59,0.23529411764705882
5Q13_AC,5Q1H_AG,48,60,0.0
5Q13_AC,5Q1H_CE,48,61,0.0
5Q13_AC,5Q1H_EG,48,62,0.23529411764705882
5Q13_AC,5UC3_AB,48,63,0.0
5Q13_AC,5UFS_AB,48,64,0.0
5Q13_AC,5Y49_AB,48,65,0.08333333333333333
5Q13_AC,5YXJ_AB,48,66,0.15384615384615385
5Q13_AC,5YXL_AC,48,67,0.045454545454545456
5Q13_AC,6A5W_AC,48,68,0.0
5Q13_AC,6DXK_AB,48,69,0.07692307692307693
5Q13_AC,6ITM_AC,48,70,0.045454545454545456
5Q13_AC,6WMQ_AB,48,71,0.0
5Q13_AC,7TRB_AB,48,72,0.04081632653061224
5Q13_AC,7YXD_AD,48,73,0.0
5Q13_AC,7YXD_DH,48,74,0.0
5Q13_AC,7YXD_HL,48,75,0.0
5Q13_AC,7YXO_AC,48,76,0.0
5Q13_AC,7YXO_CE,48,77,0.0
5Q13_AC,8BFF_BC,48,78,0.07142857142857142
5Q13_AC,8HUK_AC,48,79,0.0
5Q14_AC,5Q15_AC,49,50,1.0
5Q14_AC,5Q16_AC,49,51,1.0
5Q14_AC,5Q18_AC,49,52,0.9166666666666666
5Q14_AC,5Q19_AC,49,53,1.0
5Q14_AC,5Q1A_AC,49,54,1.0
5Q14_AC,5Q1B_AC,49,55,0.8461538461538461
5Q14_AC,5Q1C_AC,49,56,1.0
5Q14_AC,5Q1D_AC,49,57,1.0
5Q14_AC,5Q1F_AC,49,58,1.0
5Q14_AC,5Q1H_AC,49,59,0.9166666666666666
5Q14_AC,5Q1H_AG,49,60,0.0
5Q14_AC,5Q1H_CE,49,61,0.0
5Q14_AC,5Q1H_EG,49,62,0.9166666666666666
5Q14_AC,5UC3_AB,49,63,0.0
5Q14_AC,5UFS_AB,49,64,0.0
5Q14_AC,5Y49_AB,49,65,0.07142857142857142
5Q14_AC,5YXJ_AB,49,66,0.0
5Q14_AC,5YXL_AC,49,67,0.043478260869565216
5Q14_AC,6A5W_AC,49,68,0.0
5Q14_AC,6DXK_AB,49,69,0.06666666666666667
5Q14_AC,6ITM_AC,49,70,0.043478260869565216
5Q14_AC,6WMQ_AB,49,71,0.0
5Q14_AC,7TRB_AB,49,72,0.0392156862745098
5Q14_AC,7YXD_AD,49,73,0.0
5Q14_AC,7YXD_DH,49,74,0.0
5Q14_AC,7YXD_HL,49,75,0.0
5Q14_AC,7YXO_AC,49,76,0.0
5Q14_AC,7YXO_CE,49,77,0.0
5Q14_AC,8BFF_BC,49,78,0.23076923076923078
5Q14_AC,8HUK_AC,49,79,0.0
5Q15_AC,5Q16_AC,50,51,1.0
5Q15_AC,5Q18_AC,50,52,0.9166666666666666
5Q15_AC,5Q19_AC,50,53,1.0
5Q15_AC,5Q1A_AC,50,54,1.0
5Q15_AC,5Q1B_AC,50,55,0.8461538461538461
5Q15_AC,5Q1C_AC,50,56,1.0
5Q15_AC,5Q1D_AC,50,57,1.0
5Q15_AC,5Q1F_AC,50,58,1.0
5Q15_AC,5Q1H_AC,50,59,0.9166666666666666
5Q15_AC,5Q1H_AG,50,60,0.0
5Q15_AC,5Q1H_CE,50,61,0.0
5Q15_AC,5Q1H_EG,50,62,0.9166666666666666
5Q15_AC,5UC3_AB,50,63,0.0
5Q15_AC,5UFS_AB,50,64,0.0
5Q15_AC,5Y49_AB,50,65,0.07142857142857142
5Q15_AC,5YXJ_AB,50,66,0.0
5Q15_AC,5YXL_AC,50,67,0.043478260869565216
5Q15_AC,6A5W_AC,50,68,0.0
5Q15_AC,6DXK_AB,50,69,0.06666666666666667
5Q15_AC,6ITM_AC,50,70,0.043478260869565216
5Q15_AC,6WMQ_AB,50,71,0.0
5Q15_AC,7TRB_AB,50,72,0.0392156862745098
5Q15_AC,7YXD_AD,50,73,0.0
5Q15_AC,7YXD_DH,50,74,0.0
5Q15_AC,7YXD_HL,50,75,0.0
5Q15_AC,7YXO_AC,50,76,0.0
5Q15_AC,7YXO_CE,50,77,0.0
5Q15_AC,8BFF_BC,50,78,0.23076923076923078
5Q15_AC,8HUK_AC,50,79,0.0
5Q16_AC,5Q18_AC,51,52,0.9166666666666666
5Q16_AC,5Q19_AC,51,53,1.0
5Q16_AC,5Q1A_AC,51,54,1.0
5Q16_AC,5Q1B_AC,51,55,0.8461538461538461
5Q16_AC,5Q1C_AC,51,56,1.0
5Q16_AC,5Q1D_AC,51,57,1.0
5Q16_AC,5Q1F_AC,51,58,1.0
5Q16_AC,5Q1H_AC,51,59,0.9166666666666666
5Q16_AC,5Q1H_AG,51,60,0.0
5Q16_AC,5Q1H_CE,51,61,0.0
5Q16_AC,5Q1H_EG,51,62,0.9166666666666666
5Q16_AC,5UC3_AB,51,63,0.0
5Q16_AC,5UFS_AB,51,64,0.0
5Q16_AC,5Y49_AB,51,65,0.07142857142857142
5Q16_AC,5YXJ_AB,51,66,0.0
5Q16_AC,5YXL_AC,51,67,0.043478260869565216
5Q16_AC,6A5W_AC,51,68,0.0
5Q16_AC,6DXK_AB,51,69,0.06666666666666667
5Q16_AC,6ITM_AC,51,70,0.043478260869565216
5Q16_AC,6WMQ_AB,51,71,0.0
5Q16_AC,7TRB_AB,51,72,0.0392156862745098
5Q16_AC,7YXD_AD,51,73,0.0
5Q16_AC,7YXD_DH,51,74,0.0
5Q16_AC,7YXD_HL,51,75,0.0
5Q16_AC,7YXO_AC,51,76,0.0
5Q16_AC,7YXO_CE,51,77,0.0
5Q16_AC,8BFF_BC,51,78,0.23076923076923078
5Q16_AC,8HUK_AC,51,79,0.0
5Q18_AC,5Q19_AC,52,53,0.9166666666666666
5Q18_AC,5Q1A_AC,52,54,0.9166666666666666
5Q18_AC,5Q1B_AC,52,55,0.9230769230769231
5Q18_AC,5Q1C_AC,52,56,0.9166666666666666
5Q18_AC,5Q1D_AC,52,57,0.9166666666666666
5Q18_AC,5Q1F_AC,52,58,0.9166666666666666
5Q18_AC,5Q1H_AC,52,59,0.8461538461538461
5Q18_AC,5Q1H_AG,52,60,0.0
5Q18_AC,5Q1H_CE,52,61,0.0
5Q18_AC,5Q1H_EG,52,62,0.8461538461538461
5Q18_AC,5UC3_AB,52,63,0.0
5Q18_AC,5UFS_AB,52,64,0.0
5Q18_AC,5Y49_AB,52,65,0.14285714285714285
5Q18_AC,5YXJ_AB,52,66,0.0
5Q18_AC,5YXL_AC,52,67,0.06521739130434782
5Q18_AC,6A5W_AC,52,68,0.0
5Q18_AC,6DXK_AB,52,69,0.0625
5Q18_AC,6ITM_AC,52,70,0.06521739130434782
5Q18_AC,6WMQ_AB,52,71,0.0
5Q18_AC,7TRB_AB,52,72,0.058823529411764705
5Q18_AC,7YXD_AD,52,73,0.0
5Q18_AC,7YXD_DH,52,74,0.0
5Q18_AC,7YXD_HL,52,75,0.0
5Q18_AC,7YXO_AC,52,76,0.0
5Q18_AC,7YXO_CE,52,77,0.0
5Q18_AC,8BFF_BC,52,78,0.2222222222222222
5Q18_AC,8HUK_AC,52,79,0.0
5Q19_AC,5Q1A_AC,53,54,1.0
5Q19_AC,5Q1B_AC,53,55,0.8461538461538461
5Q19_AC,5Q1C_AC,53,56,1.0
5Q19_AC,5Q1D_AC,53,57,1.0
5Q19_AC,5Q1F_AC,53,58,1.0
5Q19_AC,5Q1H_AC,53,59,0.9166666666666666
5Q19_AC,5Q1H_AG,53,60,0.0
5Q19_AC,5Q1H_CE,53,61,0.0
5Q19_AC,5Q1H_EG,53,62,0.9166666666666666
5Q19_AC,5UC3_AB,53,63,0.0
5Q19_AC,5UFS_AB,53,64,0.0
5Q19_AC,5Y49_AB,53,65,0.07142857142857142
5Q19_AC,5YXJ_AB,53,66,0.0
5Q19_AC,5YXL_AC,53,67,0.043478260869565216
5Q19_AC,6A5W_AC,53,68,0.0
5Q19_AC,6DXK_AB,53,69,0.06666666666666667
5Q19_AC,6ITM_AC,53,70,0.043478260869565216
5Q19_AC,6WMQ_AB,53,71,0.0
5Q19_AC,7TRB_AB,53,72,0.0392156862745098
5Q19_AC,7YXD_AD,53,73,0.0
5Q19_AC,7YXD_DH,53,74,0.0
5Q19_AC,7YXD_HL,53,75,0.0
5Q19_AC,7YXO_AC,53,76,0.0
5Q19_AC,7YXO_CE,53,77,0.0
5Q19_AC,8BFF_BC,53,78,0.23076923076923078
5Q19_AC,8HUK_AC,53,79,0.0
5Q1A_AC,5Q1B_AC,54,55,0.8461538461538461
5Q1A_AC,5Q1C_AC,54,56,1.0
5Q1A_AC,5Q1D_AC,54,57,1.0
5Q1A_AC,5Q1F_AC,54,58,1.0
5Q1A_AC,5Q1H_AC,54,59,0.9166666666666666
5Q1A_AC,5Q1H_AG,54,60,0.0
5Q1A_AC,5Q1H_CE,54,61,0.0
5Q1A_AC,5Q1H_EG,54,62,0.9166666666666666
5Q1A_AC,5UC3_AB,54,63,0.0
5Q1A_AC,5UFS_AB,54,64,0.0
5Q1A_AC,5Y49_AB,54,65,0.07142857142857142
5Q1A_AC,5YXJ_AB,54,66,0.0
5Q1A_AC,5YXL_AC,54,67,0.043478260869565216
5Q1A_AC,6A5W_AC,54,68,0.0
5Q1A_AC,6DXK_AB,54,69,0.06666666666666667
5Q1A_AC,6ITM_AC,54,70,0.043478260869565216
5Q1A_AC,6WMQ_AB,54,71,0.0
5Q1A_AC,7TRB_AB,54,72,0.0392156862745098
5Q1A_AC,7YXD_AD,54,73,0.0
5Q1A_AC,7YXD_DH,54,74,0.0
5Q1A_AC,7YXD_HL,54,75,0.0
5Q1A_AC,7YXO_AC,54,76,0.0
5Q1A_AC,7YXO_CE,54,77,0.0
5Q1A_AC,8BFF_BC,54,78,0.23076923076923078
5Q1A_AC,8HUK_AC,54,79,0.0
5Q1B_AC,5Q1C_AC,55,56,0.8461538461538461
5Q1B_AC,5Q1D_AC,55,57,0.8461538461538461
5Q1B_AC,5Q1F_AC,55,58,0.8461538461538461
5Q1B_AC,5Q1H_AC,55,59,0.9230769230769231
5Q1B_AC,5Q1H_AG,55,60,0.0
5Q1B_AC,5Q1H_CE,55,61,0.0
5Q1B_AC,5Q1H_EG,55,62,0.9230769230769231
5Q1B_AC,5UC3_AB,55,63,0.0
5Q1B_AC,5UFS_AB,55,64,0.0
5Q1B_AC,5Y49_AB,55,65,0.13333333333333333
5Q1B_AC,5YXJ_AB,55,66,0.0
5Q1B_AC,5YXL_AC,55,67,0.08695652173913043
5Q1B_AC,6A5W_AC,55,68,0.0
5Q1B_AC,6DXK_AB,55,69,0.058823529411764705
5Q1B_AC,6ITM_AC,55,70,0.06382978723404255
5Q1B_AC,6WMQ_AB,55,71,0.0
5Q1B_AC,7TRB_AB,55,72,0.0784313725490196
5Q1B_AC,7YXD_AD,55,73,0.0
5Q1B_AC,7YXD_DH,55,74,0.0
5Q1B_AC,7YXD_HL,55,75,0.0
5Q1B_AC,7YXO_AC,55,76,0.0
5Q1B_AC,7YXO_CE,55,77,0.0
5Q1B_AC,8BFF_BC,55,78,0.25925925925925924
5Q1B_AC,8HUK_AC,55,79,0.0
5Q1C_AC,5Q1D_AC,56,57,1.0
5Q1C_AC,5Q1F_AC,56,58,1.0
5Q1C_AC,5Q1H_AC,56,59,0.9166666666666666
5Q1C_AC,5Q1H_AG,56,60,0.0
5Q1C_AC,5Q1H_CE,56,61,0.0
5Q1C_AC,5Q1H_EG,56,62,0.9166666666666666
5Q1C_AC,5UC3_AB,56,63,0.0
5Q1C_AC,5UFS_AB,56,64,0.0
5Q1C_AC,5Y49_AB,56,65,0.07142857142857142
5Q1C_AC,5YXJ_AB,56,66,0.0
5Q1C_AC,5YXL_AC,56,67,0.043478260869565216
5Q1C_AC,6A5W_AC,56,68,0.0
5Q1C_AC,6DXK_AB,56,69,0.06666666666666667
5Q1C_AC,6ITM_AC,56,70,0.043478260869565216
5Q1C_AC,6WMQ_AB,56,71,0.0
5Q1C_AC,7TRB_AB,56,72,0.0392156862745098
5Q1C_AC,7YXD_AD,56,73,0.0
5Q1C_AC,7YXD_DH,56,74,0.0
5Q1C_AC,7YXD_HL,56,75,0.0
5Q1C_AC,7YXO_AC,56,76,0.0
5Q1C_AC,7YXO_CE,56,77,0.0
5Q1C_AC,8BFF_BC,56,78,0.23076923076923078
5Q1C_AC,8HUK_AC,56,79,0.0
5Q1D_AC,5Q1F_AC,57,58,1.0
5Q1D_AC,5Q1H_AC,57,59,0.9166666666666666
5Q1D_AC,5Q1H_AG,57,60,0.0
5Q1D_AC,5Q1H_CE,57,61,0.0
5Q1D_AC,5Q1H_EG,57,62,0.9166666666666666
5Q1D_AC,5UC3_AB,57,63,0.0
5Q1D_AC,5UFS_AB,57,64,0.0
5Q1D_AC,5Y49_AB,57,65,0.07142857142857142
5Q1D_AC,5YXJ_AB,57,66,0.0
5Q1D_AC,5YXL_AC,57,67,0.043478260869565216
5Q1D_AC,6A5W_AC,57,68,0.0
5Q1D_AC,6DXK_AB,57,69,0.06666666666666667
5Q1D_AC,6ITM_AC,57,70,0.043478260869565216
5Q1D_AC,6WMQ_AB,57,71,0.0
5Q1D_AC,7TRB_AB,57,72,0.0392156862745098
5Q1D_AC,7YXD_AD,57,73,0.0
5Q1D_AC,7YXD_DH,57,74,0.0
5Q1D_AC,7YXD_HL,57,75,0.0
5Q1D_AC,7YXO_AC,57,76,0.0
5Q1D_AC,7YXO_CE,57,77,0.0
5Q1D_AC,8BFF_BC,57,78,0.23076923076923078
5Q1D_AC,8HUK_AC,57,79,0.0
5Q1F_AC,5Q1H_AC,58,59,0.9166666666666666
5Q1F_AC,5Q1H_AG,58,60,0.0
5Q1F_AC,5Q1H_CE,58,61,0.0
5Q1F_AC,5Q1H_EG,58,62,0.9166666666666666
5Q1F_AC,5UC3_AB,58,63,0.0
5Q1F_AC,5UFS_AB,58,64,0.0
5Q1F_AC,5Y49_AB,58,65,0.07142857142857142
5Q1F_AC,5YXJ_AB,58,66,0.0
5Q1F_AC,5YXL_AC,58,67,0.043478260869565216
5Q1F_AC,6A5W_AC,58,68,0.0
5Q1F_AC,6DXK_AB,58,69,0.06666666666666667
5Q1F_AC,6ITM_AC,58,70,0.043478260869565216
5Q1F_AC,6WMQ_AB,58,71,0.0
5Q1F_AC,7TRB_AB,58,72,0.0392156862745098
5Q1F_AC,7YXD_AD,58,73,0.0
5Q1F_AC,7YXD_DH,58,74,0.0
5Q1F_AC,7YXD_HL,58,75,0.0
5Q1F_AC,7YXO_AC,58,76,0.0
5Q1F_AC,7YXO_CE,58,77,0.0
5Q1F_AC,8BFF_BC,58,78,0.23076923076923078
5Q1F_AC,8HUK_AC,58,79,0.0
5Q1H_AC,5Q1H_AG,59,60,0.0
5Q1H_AC,5Q1H_CE,59,61,0.0
5Q1H_AC,5Q1H_EG,59,62,1.0
5Q1H_AC,5UC3_AB,59,63,0.0
5Q1H_AC,5UFS_AB,59,64,0.0
5Q1H_AC,5Y49_AB,59,65,0.06666666666666667
5Q1H_AC,5YXJ_AB,59,66,0.0
5Q1H_AC,5YXL_AC,59,67,0.06521739130434782
5Q1H_AC,6A5W_AC,59,68,0.0
5Q1H_AC,6DXK_AB,59,69,0.0625
5Q1H_AC,6ITM_AC,59,70,0.0425531914893617
5Q1H_AC,6WMQ_AB,59,71,0.0
5Q1H_AC,7TRB_AB,59,72,0.058823529411764705
5Q1H_AC,7YXD_AD,59,73,0.0
5Q1H_AC,7YXD_DH,59,74,0.0
5Q1H_AC,7YXD_HL,59,75,0.0
5Q1H_AC,7YXO_AC,59,76,0.0
5Q1H_AC,7YXO_CE,59,77,0.0
5Q1H_AC,8BFF_BC,59,78,0.2692307692307692
5Q1H_AC,8HUK_AC,59,79,0.0
5Q1H_AG,5Q1H_CE,60,61,0.9722222222222222
5Q1H_AG,5Q1H_EG,60,62,0.0
5Q1H_AG,5UC3_AB,60,63,0.0
5Q1H_AG,5UFS_AB,60,64,0.0
5Q1H_AG,5Y49_AB,60,65,0.0
5Q1H_AG,5YXJ_AB,60,66,0.0
5Q1H_AG,5YXL_AC,60,67,0.18681318681318682
5Q1H_AG,6A5W_AC,60,68,0.3431372549019608
5Q1H_AG,6DXK_AB,60,69,0.013333333333333334
5Q1H_AG,6ITM_AC,60,70,0.21348314606741572
5Q1H_AG,6WMQ_AB,60,71,0.4639175257731959
5Q1H_AG,7TRB_AB,60,72,0.22826086956521738
5Q1H_AG,7YXD_AD,60,73,0.0
5Q1H_AG,7YXD_DH,60,74,0.0
5Q1H_AG,7YXD_HL,60,75,0.0
5Q1H_AG,7YXO_AC,60,76,0.0125
5Q1H_AG,7YXO_CE,60,77,0.0
5Q1H_AG,8BFF_BC,60,78,0.01098901098901099
5Q1H_AG,8HUK_AC,60,79,0.09302325581395349
5Q1H_CE,5Q1H_EG,61,62,0.0
5Q1H_CE,5UC3_AB,61,63,0.0
5Q1H_CE,5UFS_AB,61,64,0.0
5Q1H_CE,5Y49_AB,61,65,0.0
5Q1H_CE,5YXJ_AB,61,66,0.0
5Q1H_CE,5YXL_AC,61,67,0.18681318681318682
5Q1H_CE,6A5W_AC,61,68,0.3431372549019608
5Q1H_CE,6DXK_AB,61,69,0.013333333333333334
5Q1H_CE,6ITM_AC,61,70,0.21348314606741572
5Q1H_CE,6WMQ_AB,61,71,0.4639175257731959
5Q1H_CE,7TRB_AB,61,72,0.22826086956521738
5Q1H_CE,7YXD_AD,61,73,0.0
5Q1H_CE,7YXD_DH,61,74,0.0
5Q1H_CE,7YXD_HL,61,75,0.0
5Q1H_CE,7YXO_AC,61,76,0.0125
5Q1H_CE,7YXO_CE,61,77,0.0
5Q1H_CE,8BFF_BC,61,78,0.01098901098901099
5Q1H_CE,8HUK_AC,61,79,0.09302325581395349
5Q1H_EG,5UC3_AB,62,63,0.0
5Q1H_EG,5UFS_AB,62,64,0.0
5Q1H_EG,5Y49_AB,62,65,0.06666666666666667
5Q1H_EG,5YXJ_AB,62,66,0.0
5Q1H_EG,5YXL_AC,62,67,0.06521739130434782
5Q1H_EG,6A5W_AC,62,68,0.0
5Q1H_EG,6DXK_AB,62,69,0.0625
5Q1H_EG,6ITM_AC,62,70,0.0425531914893617
5Q1H_EG,6WMQ_AB,62,71,0.0
5Q1H_EG,7TRB_AB,62,72,0.058823529411764705
5Q1H_EG,7YXD_AD,62,73,0.0
5Q1H_EG,7YXD_DH,62,74,0.0
5Q1H_EG,7YXD_HL,62,75,0.0
5Q1H_EG,7YXO_AC,62,76,0.0
5Q1H_EG,7YXO_CE,62,77,0.0
5Q1H_EG,8BFF_BC,62,78,0.2692307692307692
5Q1H_EG,8HUK_AC,62,79,0.0
5UC3_AB,5UFS_AB,63,64,0.0
5UC3_AB,5Y49_AB,63,65,0.05263157894736842
5UC3_AB,5YXJ_AB,63,66,0.0
5UC3_AB,5YXL_AC,63,67,0.0
5UC3_AB,6A5W_AC,63,68,0.0
5UC3_AB,6DXK_AB,63,69,0.0
5UC3_AB,6ITM_AC,63,70,0.0
5UC3_AB,6WMQ_AB,63,71,0.0
5UC3_AB,7TRB_AB,63,72,0.0
5UC3_AB,7YXD_AD,63,73,0.0
5UC3_AB,7YXD_DH,63,74,0.21052631578947367
5UC3_AB,7YXD_HL,63,75,0.0
5UC3_AB,7YXO_AC,63,76,0.0
5UC3_AB,7YXO_CE,63,77,0.0
5UC3_AB,8BFF_BC,63,78,0.0
5UC3_AB,8HUK_AC,63,79,0.11428571428571428
5UFS_AB,5Y49_AB,64,65,0.0
5UFS_AB,5YXJ_AB,64,66,0.14285714285714285
5UFS_AB,5YXL_AC,64,67,0.0
5UFS_AB,6A5W_AC,64,68,0.0
5UFS_AB,6DXK_AB,64,69,0.0
5UFS_AB,6ITM_AC,64,70,0.0
5UFS_AB,6WMQ_AB,64,71,0.0
5UFS_AB,7TRB_AB,64,72,0.0
5UFS_AB,7YXD_AD,64,73,0.0
5UFS_AB,7YXD_DH,64,74,0.0
5UFS_AB,7YXD_HL,64,75,0.0
5UFS_AB,7YXO_AC,64,76,0.0
5UFS_AB,7YXO_CE,64,77,0.0
5UFS_AB,8BFF_BC,64,78,0.0
5UFS_AB,8HUK_AC,64,79,0.0
5Y49_AB,5YXJ_AB,65,66,0.0
5Y49_AB,5YXL_AC,65,67,0.05128205128205128
5Y49_AB,6A5W_AC,65,68,0.0
5Y49_AB,6DXK_AB,65,69,0.125
5Y49_AB,6ITM_AC,65,70,0.05128205128205128
5Y49_AB,6WMQ_AB,65,71,0.0
5Y49_AB,7TRB_AB,65,72,0.045454545454545456
5Y49_AB,7YXD_AD,65,73,0.0
5Y49_AB,7YXD_DH,65,74,0.0
5Y49_AB,7YXD_HL,65,75,0.0
5Y49_AB,7YXO_AC,65,76,0.0
5Y49_AB,7YXO_CE,65,77,0.0
5Y49_AB,8BFF_BC,65,78,0.0
5Y49_AB,8HUK_AC,65,79,0.0
5YXJ_AB,5YXL_AC,66,67,0.0
5YXJ_AB,6A5W_AC,66,68,0.0
5YXJ_AB,6DXK_AB,66,69,0.0
5YXJ_AB,6ITM_AC,66,70,0.0
5YXJ_AB,6WMQ_AB,66,71,0.0
5YXJ_AB,7TRB_AB,66,72,0.0
5YXJ_AB,7YXD_AD,66,73,0.0
5YXJ_AB,7YXD_DH,66,74,0.0
5YXJ_AB,7YXD_HL,66,75,0.0
5YXJ_AB,7YXO_AC,66,76,0.0
5YXJ_AB,7YXO_CE,66,77,0.0
5YXJ_AB,8BFF_BC,66,78,0.0
5YXJ_AB,8HUK_AC,66,79,0.0
5YXL_AC,6A5W_AC,67,68,0.07291666666666667
5YXL_AC,6DXK_AB,67,69,0.05
5YXL_AC,6ITM_AC,67,70,0.6818181818181818
5YXL_AC,6WMQ_AB,67,71,0.1368421052631579
5YXL_AC,7TRB_AB,67,72,0.8372093023255814
5YXL_AC,7YXD_AD,67,73,0.0
5YXL_AC,7YXD_DH,67,74,0.0
5YXL_AC,7YXD_HL,67,75,0.0
5YXL_AC,7YXO_AC,67,76,0.0
5YXL_AC,7YXO_CE,67,77,0.0
5YXL_AC,8BFF_BC,67,78,0.05454545454545454
5YXL_AC,8HUK_AC,67,79,0.034482758620689655
6A5W_AC,6DXK_AB,68,69,0.0
6A5W_AC,6ITM_AC,68,70,0.13186813186813187
6A5W_AC,6WMQ_AB,68,71,0.3300970873786408
6A5W_AC,7TRB_AB,68,72,0.125
6A5W_AC,7YXD_AD,68,73,0.0
6A5W_AC,7YXD_DH,68,74,0.0
6A5W_AC,7YXD_HL,68,75,0.0
6A5W_AC,7YXO_AC,68,76,0.02702702702702703
6A5W_AC,7YXO_CE,68,77,0.0
6A5W_AC,8BFF_BC,68,78,0.0
6A5W_AC,8HUK_AC,68,79,0.07228915662650602
6DXK_AB,6ITM_AC,69,70,0.05
6DXK_AB,6WMQ_AB,69,71,0.0
6DXK_AB,7TRB_AB,69,72,0.044444444444444446
6DXK_AB,7YXD_AD,69,73,0.0
6DXK_AB,7YXD_DH,69,74,0.0
6DXK_AB,7YXD_HL,69,75,0.0
6DXK_AB,7YXO_AC,69,76,0.0
6DXK_AB,7YXO_CE,69,77,0.0
6DXK_AB,8BFF_BC,69,78,0.04
6DXK_AB,8HUK_AC,69,79,0.0
6ITM_AC,6WMQ_AB,70,71,0.17391304347826086
6ITM_AC,7TRB_AB,70,72,0.8372093023255814
6ITM_AC,7YXD_AD,70,73,0.0
6ITM_AC,7YXD_DH,70,74,0.0
6ITM_AC,7YXD_HL,70,75,0.0
6ITM_AC,7YXO_AC,70,76,0.0
6ITM_AC,7YXO_CE,70,77,0.0
6ITM_AC,8BFF_BC,70,78,0.05454545454545454
6ITM_AC,8HUK_AC,70,79,0.05263157894736842
6WMQ_AB,7TRB_AB,71,72,0.16494845360824742
6WMQ_AB,7YXD_AD,71,73,0.0
6WMQ_AB,7YXD_DH,71,74,0.0
6WMQ_AB,7YXD_HL,71,75,0.0
6WMQ_AB,7YXO_AC,71,76,0.038461538461538464
6WMQ_AB,7YXO_CE,71,77,0.0
6WMQ_AB,8BFF_BC,71,78,0.0
6WMQ_AB,8HUK_AC,71,79,0.044444444444444446
7TRB_AB,7YXD_AD,72,73,0.0
7TRB_AB,7YXD_DH,72,74,0.0
7TRB_AB,7YXD_HL,72,75,0.0
7TRB_AB,7YXO_AC,72,76,0.0
7TRB_AB,7YXO_CE,72,77,0.0
7TRB_AB,8BFF_BC,72,78,0.05
7TRB_AB,8HUK_AC,72,79,0.04838709677419355
7YXD_AD,7YXD_DH,73,74,0.0
7YXD_AD,7YXD_HL,73,75,1.0
7YXD_AD,7YXO_AC,73,76,0.2
7YXD_AD,7YXO_CE,73,77,0.0
7YXD_AD,8BFF_BC,73,78,0.0
7YXD_AD,8HUK_AC,73,79,0.0
7YXD_DH,7YXD_HL,74,75,0.0
7YXD_DH,7YXO_AC,74,76,0.0
7YXD_DH,7YXO_CE,74,77,0.0
7YXD_DH,8BFF_BC,74,78,0.0
7YXD_DH,8HUK_AC,74,79,0.07142857142857142
7YXD_HL,7YXO_AC,75,76,0.2
7YXD_HL,7YXO_CE,75,77,0.0
7YXD_HL,8BFF_BC,75,78,0.0
7YXD_HL,8HUK_AC,75,79,0.0
7YXO_AC,7YXO_CE,76,77,0.0
7YXO_AC,8BFF_BC,76,78,0.0
7YXO_AC,8HUK_AC,76,79,0.0
7YXO_CE,8BFF_BC,77,78,0.0
7YXO_CE,8HUK_AC,77,79,0.0
8BFF_BC,8HUK_AC,78,79,0.1
