ResNum,1A,1B,2A,2B,3A,3B,4A,4B,5A,5B,6A,6B,7A,7B,8A,8B,9A,9B,10A,10B,11A,11B,12A,12B,13A,13B,14A,14B,15A,15B,16A,16B,17A,17B,18A,18B,19A,19B,20A,20B
523,X,X,,,,,,,,,,,,,,,,,,,,,,,,,,,,,,,,,,,,,,
524,X,X,,,,,,,,,,,,,,,,,,,,,,,,,,,,,,,,,,,,,,
525,X,X,,,,,,,,,,,,,,,,,,,,,,,,,,,,,,,,,,,,,,
526,X,X,X,X,,,,,,,,,,,,,,,,,,,,,,,,,,,,,,,,,,,,
527,X,X,X,X,,,,,,,,,,,,,,,,,,,,,,,,,,,,,,,,,,,,
528,X,X,X,X,X,,,,,,,,,,,,,,,,,,,,,,,,,,,,,,,,,,,
529,X,X,X,X,X,,X,,X,,X,X,,,,,,,,,,,,,,,,,,,,,,,,X,,,,
530,X,X,X,X,X,,X,,X,,X,X,,,,,,,,,,,,,,,,,,,,,,,,,,,,
531,X,X,X,X,X,,X,,X,,,,,,,,,,,,,,,,,,,,,,,,,,,,,,,
532,X,X,X,X,X,,X,,,,,,,,,,,,,,,,,,,,,,,,,,,,,,,,,
533,,,,,X,,,,X,,,,,,,,,,,,,,,,,,,,,,,,,,,,,,,
534,X,X,X,X,X,,,,X,,,,,,,,,,,,,,,,,,,,,,,,,,,,,,,
535,X,X,X,X,X,,X,,X,,,,,,,,,,,,,,,,,,,,,,,,,,,,,,,
536,,,,,X,,,,,,,,,,,,,,,,,,,,,,,,,,,,,,,,,,,
537,,,,,X,,,,X,,,,,,,,,,,,,,,,,,,,,,,,,,,,,,,
538,X,X,X,X,X,,X,,X,,X,X,,,,,,,,,,,,,,,,,,,,,,,,,,,,
539,X,X,,,,,X,,X,,X,X,,,,,,,,,,,,,,,,,,,,,,,,,,,,
540,X,X,,,,,,,,,X,X,,,,,,,,,,,,,,,,,,,,,,,,,,,,
541,,,,,X,,,,,,X,X,X,,,,,,,,,,,,,,,,,,,,,,,,,,,
542,X,X,,,,,,,,,X,X,X,,,,X,X,,,,,,,,,,,,,,,,,,,,,,
543,,,,,,,,,,,X,X,X,,X,,X,X,,,,,,,,,,,,,,,,,,,,,,
544,,,,,X,,,,,,X,X,,,,,,,,,,,,,,,,,,,,,,,,,,,,
545,,,,,X,,,,,,X,X,X,,X,,X,X,,,X,X,,,,,,,,,,,,,,,,,,
546,,,,,,,,,,,,,X,,,,,,,,X,X,,,,,,,,,,,,,,,,,,
547,,,,,,,,,,,,,X,,X,,,,,,X,X,,,,,,,,,,,,,,,,,,
548,,,,,,,,,,,,,X,,X,,X,X,X,X,X,X,,,,,,,,,,,,,,,,,,
549,,,,,,,,,,X,,,X,,X,,X,X,X,X,X,X,,,X,,,,,,,,,,,,,,,
550,,,,,,,,,,,,,X,,,,X,X,X,X,X,X,,,,,,,,,,,,,,,,,,
551,,,,,,,,,,,,,X,,,,X,X,X,X,X,X,,,X,,,,,,,,,,,,,,,
552,,,,,,,,,,X,,,X,,,,,,X,X,X,X,X,X,X,,X,,,,,,,,,,,,,
553,,,,,,,,,,X,,,,,,,,,X,X,,,,,,,X,,,,,,,,,,,,,
554,,,,,,,,,,X,,,,,,,,,X,X,,,,,X,,X,,,,,,,,,,,,,
555,,,,,,,,,,X,,,,,,,,,,,,,X,X,X,,X,,,,,,,,,,,,,
556,,,,,,,,,,,,,,,,,,,,,,,,,X,,X,,,,,,,,,,,,,
557,,,,,,,,,,X,,,,,,,,,,,,,X,X,X,,X,,,,,,,,,,,,,
558,,,,,,,,,,X,,,,,,,,,,,,,X,X,X,,X,,,,,,,,,,,,,
560,,,,,,,,,,,,,,,,,,,,,,,,,X,,,,,,,,,,,,,,,
561,,,,,,,,,,,,,,,,,,,,,,,X,X,X,,,,,,,,,,,,,,,
564,,,,,,,,,,,,,,,,,,,,,,,,,,,,,X,X,,,,,,,,,,
565,,,,,,,,,,,,,X,,,,,,,,X,X,X,X,,,,,X,X,,,,,,,,,,
566,,,,,,X,,,,,,,,,,,,,,,X,X,,,,,,,X,X,,,,,,,,,,
567,,,,,,,,,,,,,,,,,,,,,X,X,,,,,,,,,,,,,,,,,,
568,,,,,,,,,,,,,,,,,,,,,,,X,X,,,,,X,X,,,,,,,,,,
569,,,,,,,,,,,X,X,X,,,,,,,,,,X,X,,,,,,,,,,,,,,,,
571,,,,,,,,,,,,,,,,,,,,,,,X,X,,,,,X,X,,,,,,,,,,
572,,,,,,,,,,,X,X,,,,,,,,,X,X,X,X,,,,,X,X,,,,,,,,,,
573,,,,,,,,,,,X,X,,,,,,,,,,,,,,,,,,,,,,,,,,,,
575,,,,,,,,,,,X,X,,,,,,,,,,,,,,,,,X,X,,,,,,,,,,
576,X,X,,,,,,,,,X,X,,,,,,,,,X,X,,,,,,,,,,,,,,,,,,
577,,,,,,,,,,,X,X,,,,,,,,,,,,,,,,,,,,,,,,,,,,
579,,,,,,,X,,,,X,X,,,,,,,,,,,,,,,,,X,X,,,,,,,,,,
580,X,X,,,,,X,,,,X,X,,,,,,,,,,,,,,,,,,,,,,,,,,,,
581,,,,,,,X,,,,,,,,,,,,,,,,,,,,,,,,,,,,,,,,,
582,X,X,X,X,,,X,,,,,,,,,,,,,,,,,,,,,,,,,,,,,,,,,
583,X,X,X,X,,,X,,,,,,,,,,,,,,,,,,,,,,,,,,,,,,,,,
585,,,,,,,X,,,,X,X,,,,,,,,,,,,,,,,,,,,,,,,,,,,
586,X,X,X,X,X,,X,,,,,,,,,,,,,,,,,,,,,,,,,,,,,,,,,
588,,,,,X,,,,,,,,,,,,,,,,,,,,,,,,,,,,,,,,,,,
589,,,,,X,,,,,,,,,,,,,,,,,,X,X,,,,,,,,,,,,,,,,
591,,,,,X,,,,,,,,,,,,,,,,,,,,,,,,,,,,,,,,,,,
592,,,,,X,,,,,,,,,,,,,,,,,,,,,,,,,,,,,,,,,,,
593,,,,,,,,,,,,,,,,,,,,,,,X,X,,,,,X,X,,,,,,,,,,
596,,,,,,,,,,,,,,,,,,,,,,,,,,,,,X,X,,,,,,,,,,
597,,,,,,,,,,,,,,,,,,,,,,,X,X,,,,,X,X,,,,,,,,,,
598,,,,,,,,,,,,,,,,,,,,,,,X,X,,,,,X,X,,,,,,,,,,
600,,,,,,,,,,,,,,,,,,,,,,,X,X,,,,,X,X,,,,,,,,,,
601,,,,,,,,,,,,,,,,,,,,,,,,,,,,,X,X,,,,,,,,,,
610,,,,,,,,,X,,,,,,X,,,,,,,,,,,,,,,,,,,,,,,,,
611,,,,,,,,,,,,,X,,,,,,,,,,,,,,,,,,,,,,,,,,,
613,,,,,,,,,X,,,,,,X,,X,X,X,X,,,,,,,,,,,,,,,,,,,,
614,,,,,,,,,X,,,,X,,X,,X,X,X,X,,,,,,,,,,,,,,,,,,,,
615,,,,,,,,,,,,,X,,X,,X,X,X,X,,,,,,,,,,,,,,,,,,,,
616,,,,,,,,,,,,,X,,X,,X,X,X,X,,,,,,,,,,,,,,,,,,,,
617,,,,,,,,,,,,,,,X,,X,X,X,X,,,,,,,,,,,,,,,,,,,,
618,,,,,,,,,,,,,,,,,,,X,X,,,,,,,,,,,,,,,,,,,,
619,,,,,,,,,,,,,,,X,,X,X,X,X,,,,,,,,,,,,,,,,,,,,
620,,,,,,,,,,,,,X,,X,,X,X,X,X,,,,,,,,,,,,,,,,,,,,
622,,,,,,,,,,,,,X,,X,,X,X,X,X,,,,,,,,,,,,,,,,,,,,
625,,,,,,,,,,,,,X,,X,,X,X,X,X,,,,,,,,,,,,,,,,,,,,
626,,,,,,,,,,,,,X,,X,,X,X,X,X,,,,,,,,,,,,,,,,,,,,
628,,,,,,,,,,,,,X,,X,,X,X,X,X,,,,,,,,,,,,,,,,,,,,
630,,,,,,,,,,,,,,,,,X,X,X,X,,,,,,,,,,,,,,,,,,,,
631,,,,,,,,,,,,,,,,,X,X,X,X,,,,,X,,,,,,,,,,,,,,,
632,,,,,,,,,,,,,,,,,X,X,X,X,,,,,X,,,,,,,,,,,,,,,
633,,,,,,,,,,,,,,,,,X,X,X,X,,,,,X,,,X,,,,,,,,,,,,
637,,,,,,,,,,,,,,,,,,,,,,,,,X,,,X,,,X,X,,,,,,,,
638,,,,,,,,X,,,,,,,,,,,,,,,,,X,,,,,,X,X,,,,,,,,
640,,,,,,,,,,,,,,,,,,,,,,,,,,,X,,,,X,X,,,,,,,,
641,,,,,,,,X,,,,,,,,,,,,,,,,,X,,X,X,,,X,X,,,,,,,,
642,,,,,,,,X,,,,,,,,,,,,,,,,,X,,,X,,,,,,,,,,,,
643,,,,,,X,,,,,,,,,,,,,,,,,,,,,,,,,,,,,,,,,,
644,,,,,,X,,,,,,,,,,,,,,,,,,,,,,X,,,X,X,,,,,,,,
645,,,,,,,,X,,,,,,,,,,,,,,,,,,,,X,,,X,X,,,,,,,,
646,,,,,,X,,,,,,,,,,,,,,,,,,,,,,X,,,,,,,,,,,,
647,,,,,,X,,,,,,,,,,,,,,,,,,,,,,,,,,,,,,,,,,
654,,,,,,,,,,,,,,,X,,,,X,X,,,,,,,,,,,,,,,,,,,,
657,,,,,,,,,X,,,,,,X,,,,X,X,,,,,,,,,,,,,,,,,,,,
658,,,,,,,,,X,,,,,,X,,,,,,,,,,,,,,,,,,,,,,,,,
659,,,,,,,,,X,,,,,,X,,,,,,,,,,,,,,,,,,,,,,,,,
660,,,,,,,,,X,,,,,,X,,,,,,,,,,,,,,,,,,,,,,,,,
661,,,,,,,,,X,,,,,,,,,,,,,,,,,,,,,,,,,,,,,,,
664,,,,,,,,,X,,,,,,,,,,,,,,,,,,,,,,,,,,,,,,,
675,,,,,,,,,,,,,,,,X,,,,,,,,,,,,,,,,,,,,,,,X,X
676,,,,,,,,,,,,,,,,X,,,,,,,,,,,,,,,,,,,,,,,,
677,,,,,,,,,,,,,,,,X,,,,,,,,,,,,,,,,,X,X,X,,X,,X,X
678,,,,,,,,,,,,,,,,X,,,,,,,,,,,,,,,,,,,,,X,,X,X
679,,,,,,,,,,,,,,,,X,,,,,,,,,,,,,,,,,,,,,,,X,X
681,,,,,,,,,,,,,,,,,,,,,,,X,X,,,,,,,,,,,,,,,,
683,,,,,,,,,,,,,,X,,X,,,,,,,,,,X,,,,,,,,,,,,X,X,X
684,,,,,,,X,,,,,,,,,X,,,,,,,,,,,,,,,,,,,,,,,X,X
685,X,X,X,X,,,X,,,,,,,,,,,,,,,,,,,,,,,,,,,,,,,,,
686,,,,,,,,,,,,,,,,,,,,,,,,,,,,,,,,,,,,,,,X,X
687,,,,,,,,,,,,,,X,,X,,,,,,,,,,X,,,,,,,,,,,,X,X,X
688,X,X,X,X,,,X,,,,,,,,,,,,,,,,,,,X,,,,,,,,,,,,,X,X
689,X,X,X,X,,,X,,,,,,,,,,,,,,,,,,,,,,,,,,,,,,,,,
690,,,,,,,,,,,,,,X,,X,,,,,,,,,,X,,,,,,,,,,,,X,X,X
691,,,,,,,,,,,,,,X,,X,,,,,,,,,,X,,,,,,,,,,X,,X,X,X
692,X,X,X,X,,,X,,,,,,,,,,,,,,,,,,,X,,,,,,,,,,,,,,
693,X,X,X,X,,,X,,,,,,,,,,,,,,,,,,,,,,,,,,,,,,,,,
694,,,,,,,,,,,,,,X,,X,,,,,,,,,,X,,,,,,,,,,X,,X,X,X
695,,,,,,,X,,,,,,,X,,,,,,,,,,,,X,,,,,,,,,,X,,,X,X
698,,,,,X,,,,,,,,,X,,,,,,,,,,,,X,,,,,,,,,,X,,,X,X
699,,,,,,,,,,,,,,X,,,,,,,,,,,,,,,,,,,,,,X,,,,
701,,,,,,,,,,,,,,X,,,,,,,,,,,,,,,,,,,,,,X,,,,
702,,,,,,,,,,,,,,X,,X,,,,,,,,,,,,,,,,,,,,X,,,X,X
703,,,,,,,,,X,,,,,,,,,,,,,,,,,,,,,,,,,,,X,,,,
704,,,,,,,,,X,,,,,,X,,,,,,,,,,,,,,,,,,,,,,,,,
706,,,,,,,,,,,,,,,,,,,,,,,,,,,,,,,,,,,,X,,,,
707,,,,,,,,,,,,,,X,,,,,,,,,,,,,,,,,,,,,,X,,,,
708,,,,,,,,,,,,,,,,,,,,,,,,,,,,,,,,,,,,X,,,X,X
709,,,,,,,,,,,,,,X,,,,,,,,,,,,,,,,,,,,,,X,,,X,X
710,,,,,,,,,,,,,,X,,,,,,,,,,,,,,X,,,,,,,,,,,X,X
711,,,,,,,,,,,,,,X,,X,,,,,,,,,,X,,,,,,,,,,X,,,X,X
712,,,,,,,,,,,,,,X,,X,,,,,,,,,,X,,,,,,,,,,X,,X,X,X
713,,,,,,,,,,,,,,X,,,,,,,,,,,,X,,X,,,,,,,,,,X,X,X
715,,,,,,,,,,,,,,X,,X,,,,,,,,,,X,,X,,,,,,,,X,,X,X,X
716,,,,,,,,,,,,,,X,,X,,,,,,,,,,X,,X,,,,,,,,X,,X,X,X
717,,,,,,,,,,,,,,,,,,,,,,,,,,,,X,,,,,,,,,,X,X,X
719,,,,,,,,,,,,,,,,,,,,,,,,,,X,,X,,,,,,,,,,X,,
720,,,,,,,,,,,,,,,,X,,,,,,,,,,,,X,,,,,,,,,,,,
723,,,,,,,,,,,,,,,,,,,,,,,,,,,,X,,,,,,,,,,,,
724,,,,,,,,,,,,,,,,,,,,,,,,,,,,X,,,,,,,,,,,,
726,,,,,,,,,,,,,,,,,,,,,,,,,,,,X,,,,,,,,,,,,
727,,,,,,,,,,,,,,,,,,,,,,,,,,,,X,,,,,,,,,X,,,
728,,,,,,,,,,,,,,,,,,,,,,,,,,,,X,,,,,,,,,,,,
730,,,,,,,,,,,,,,,,,,,,,,,,,,,,X,,,,,X,X,X,,X,,,
731,,,,,,,,X,,,,,,,,,,,,,,,,,,,,,,,X,X,,,,,X,,,
732,,,,,,,,,,,,,,,,,,,,,,,,,,,,X,X,X,,,,,,,,,,
733,,,,,,,,,,,,,,,,,,,,,,,X,X,,,,X,X,X,,,X,X,X,,,,,
734,,,,,,,,X,,,,,,,,,,,,,,,X,X,,,,,X,X,X,X,X,X,X,,X,,,
735,,,,,,,,X,,,,,,,,,,,,,,,,,X,,,,X,X,X,X,,,X,,,,,
736,,,,,,X,,,,,,,,,,,,,,,,,X,X,,,,,X,X,,,,,,,,,,
737,,,,,,X,,X,,,,,,,,,,,,,,,X,X,,,,,X,X,X,X,X,X,X,,X,,,
738,,,,,,,,X,,,,,,,,,,,,,,,,,X,,X,,X,X,X,X,X,X,X,,X,,,
739,,,,,,,,,,,,,,,,,,,,,,,,,X,,,,X,X,,,,,,,,,,
740,,,,,,X,,X,,,,,,,,,,,,,,,X,X,,,,,X,X,,,,,X,,X,,,
741,,,,,,X,,X,,,,,,,,,,,,,,,X,X,,,X,,X,X,X,X,X,X,X,,X,,,
742,,,,,,,,X,,X,,,,,,,,,,,,,X,X,,,X,,,,X,X,X,X,X,,X,,,
743,,,,,,X,,X,,X,,,,,,,,,,,,,X,X,X,,X,,X,X,X,X,X,X,,,,,,
744,,,,,,X,,X,,X,,,,,,,,,,,,,X,X,X,,X,,X,X,X,X,X,X,X,,,,,
745,,,,,,X,,X,,X,,,,,,,,,,,,,X,X,X,,X,,X,X,X,X,,,,,,,,
746,,,,,,,,,,X,,,,,,,,,,,,,X,X,X,,X,,,,,,,,,,,,,
747,,,,,,X,,,,,,,,,,,,,,,,,X,X,X,,,,X,X,,,,,,,,,,
748,,,,,,,,,,X,,,,,,,,,,,,,,,X,,,,X,X,,,,,,,,,,
749,,,,,,,,,,,,,,,,,,,,,,,,,,,,,X,X,,,,,,,,,,
750,,,,,,,,,,,,,,,,,,,,,X,X,,,,,,,X,X,,,,,,,,,,
751,,,,,,X,,,,,,,,,,,,,,,X,X,,,,,,,X,X,,,,,,,,,,
752,,,,,,,,,,,X,X,,,,,,,,,X,X,,,,,,,X,X,,,,,,,,,,
753,,,,,,,,,,,,,,,,,,,,,,,,,,,,,X,X,,,,,,,,,,
755,,,,,,,,,,,X,X,,,,,,,,,,,,,,,,,X,X,,,,,,,,,,
756,,,,,,,,,,,,,,,,,,,,,,,,,,,,,X,X,,,,,,,,,,
757,,,,,,,,,,,,,,,,,,,,,,,,,,,,,X,X,,,,,,,,,,
758,,,,,,,,X,,,,,,,,,,,,,,,,,,,,,,,,,,,,,,,,
759,,,,,,,,X,,,,,,,,,,,,,,,,,,,,X,X,X,,,,,X,,X,,,
760,,,,,,,,X,,,,,,,,,,,,,,,,,,,,X,,,,,,,X,,,,,
761,,,,,,,,,,,,,,,,,,,,,,,,,,,,X,,,X,X,X,X,,,,,,
762,,,,,,,,X,,,,,,,,,,,,,,,,,,,,X,,,,,X,X,X,,X,,,
763,,,,,,,,,,,,,,,,,,,,,,,,,,,,,,,,,,,X,,X,,,
764,,,,,,X,,,,,,,,,,,,,,,,,,,,,,X,,,X,X,X,X,X,,X,,,
765,,,,,,X,,X,,,,,,,,,,,,,,,,,,,,,,,X,X,X,X,X,,,,,
766,,,,,,,,X,,,,,,,,,,,,,,,,,,,,X,,,,,X,X,X,,X,,,
767,,,,,,X,,,,,,,,,,,,,,,,,,,,,,,,,,,,,X,,X,,,
768,,,,,,X,,,,,,,,,,,,,,,,,,,,,,X,,,,,,,X,,X,,,
769,,,,,,,,,,,,,,,,,,,,,,,X,X,,,,,,,,,X,X,X,,X,,,
770,,,,,,X,,,,,,,,X,,X,,,,,,,,,,X,,,,,,,,,,,,,X,X
771,,,,,,X,,,,,,,,,,X,,,,,,,,,,,,,,,,,X,X,,,,,,
772,,,,,,X,,,,,,,,X,,X,,,,,,,,,,X,,,,,,,,,,,,,X,X
773,,,,,,X,,,,,,,,X,,X,,,,,,,,,,X,,,,,,,,,,,,X,X,X
774,,,,,,,,,,,,,,X,,X,,,,,,,,,,X,,,,,,,,,,,,X,X,X
775,,,,,,,,,,,,,,X,,X,,,,,,,,,,X,,,,,,,,,,X,,X,X,X
776,,,,,,,,,,,,,,,,X,,,,,,,,,,X,,,,,,,X,X,,X,,X,X,X
777,,,,,,X,,,,,,,,,,,,,,,,,,,,X,,,,,,,,,,X,,X,X,X
